"99","byte","0","13345704679051884329","0","12491137745023758426","3157","2810824558098882543","2","25836842424075642586","42586"
"111","byte","1","12491137745023758426","13345704679051884329","11241067680105480545","23458","3705923871607967595","5","37077910104181124020","24020"
"109","byte","2","11241067680105480545","12491137745023758426","10346296083901819438","62722","159652138576859376","7","34078501509031058784","58784"
"112","byte","3","10346296083901819438","11241067680105480545","14218615244020245283","77632","1270600867702563325","6","35805979008027545045","45045"
"97","byte","4","14218615244020245283","10346296083901819438","4432613347753158360","57225","6585901487472597049","3","28997524675675222904","22904"
"110","byte","5","4432613347753158360","14218615244020245283","5185934958591010695","82893","11796255512465129862","7","23837163550364414049","14049"
"121","byte","6","5185934958591010695","4432613347753158360","17851984775423820008","134660","15694866473738341648","1","27470533081767988410","88410"
"44","byte","7","17851984775423820008","5185934958591010695","13315852967295074547","55500","7604754756306025655","3","36353772701309905490","5490"
"116","byte","8","13315852967295074547","17851984775423820008","13391065527999563900","82036","2809137861162394644","3","44558903270718459065","59065"
"105","byte","9","13391065527999563900","13315852967295074547","16396746285500280756","97517","2873831609545363458","7","43103664780794920077","20077"
"99","byte","10","16396746285500280756","13391065527999563900","6420343329275338335","3157","9059985047124002674","8","36208155142775182768","82768"
"107","byte","11","6420343329275338335","16396746285500280756","3465212659290377666","100228","14352652624348364104","3","26282302274065996649","96649"
"101","byte","12","3465212659290377666","6420343329275338335","11708402123795810570","39662","12547469692096377791","8","21593958112361526820","26820"
"114","byte","13","11708402123795810570","3465212659290377666","13307856668725154542","42501","4344812607053990812","1","28481471451811343169","43169"
"44","byte","14","13307856668725154542","11708402123795810570","6632198318816930536","55500","2781105366991875761","3","31648457111337895835","95835"
"101","byte","15","6632198318816930536","13307856668725154542","12601079612324660257","39662","13996400950262256789","6","32541134599866744995","44995"
"120","byte","16","12601079612324660257","6632198318816930536","2412282761014731297","113728","3519420849279769842","5","21645560692156322920","22920"
"99","byte","17","2412282761014731297","12601079612324660257","9276864308276659985","3157","13784779426832878311","4","24290226681616051833","51833"
"104","byte","18","9276864308276659985","2412282761014731297","8225382931107167281","135059","2200416708353125393","4","19914530000398557915","57915"
"97","byte","19","8225382931107167281","9276864308276659985","4243701315274415646","57225","17010403154821941035","4","21745948554658243200","43200"
"110","byte","20","4243701315274415646","8225382931107167281","5487646270958681029","82893","11877081171079280960","3","17956730517340263770","63770"
"103","byte","21","5487646270958681029","4243701315274415646","1574729249180294268","147903","15140944219211767529","9","11306076835413390065","90065"
"101","byte","22","1574729249180294268","5487646270958681029","5361068965563493012","39662","10082985972089872897","8","12423444485702469208","69208"
"44","byte","23","5361068965563493012","1574729249180294268","13237692258496014708","55500","15299060435843339979","3","20173490473239802316","2316"
"104","byte","24","13237692258496014708","5361068965563493012","12844717611791855212","135059","2991167784168161908","7","31443478835851363308","63308"
"113","byte","25","12844717611791855212","13237692258496014708","9006402018468554253","94030","3203997930364577201","3","35088811888756424051","24051"
"32","byte","26","9006402018468554253","12844717611791855212","8776368910958122172","71687","16341965816101771929","2","30627488541218531950","31950"
"99","byte","27","8776368910958122172","9006402018468554253","14437439785754037288","3157","16716399465020046458","7","32220210715180713987","13987"
"105","byte","28","14437439785754037288","8776368910958122172","14189612253362204795","97517","6227193262525191254","8","37403420950074365116","65116"
"116","byte","29","14189612253362204795","14437439785754037288","9189432258692162812","82036","6547346085660988572","6","37816484297808405740","5740"
"121","byte","30","9189432258692162812","14189612253362204795","7083002113606830915","134660","16262518367324786283","9","30462046625661199145","99145"
"44","byte","31","7083002113606830915","9189432258692162812","11643759558826181668","55500","18193585216756709148","4","27916193931125175093","75093"
"115","byte","32","11643759558826181668","7083002113606830915","17361062341081731729","105742","4585095540335656377","8","36087824013514745191","45191"
"111","byte","33","17361062341081731729","11643759558826181668","13280482419077918006","23458","7987586448786107808","8","42285304318985831005","31005"
"117","byte","34","13280482419077918006","17361062341081731729","15578947545995817210","95385","2772732878733884732","8","46220492306155467400","67400"
"114","byte","35","15578947545995817210","13280482419077918006","6853460759689532149","42501","5045425737269178988","3","35712890724763267958","67958"
"99","byte","36","6853460759689532149","15578947545995817210","5407102314482751198","3157","13919249338080295475","7","27839510620168100712","712"
"101","byte","37","5407102314482751198","6853460759689532149","936613043020321183","39662","15365889752203995299","1","13197176117192604132","4132"
"32","byte","38","936613043020321183","5407102314482751198","10885149685812960868","71687","10576982042354789643","2","17228865043316033038","33038"
"105","byte","39","10885149685812960868","936613043020321183","7985362032701202116","97517","664466001803544090","8","19807124761534484023","84023"
"110","byte","40","7985362032701202116","10885149685812960868","2071936526259751111","82893","17358788092438313370","2","20942448244773913729","13729"
"102","byte","41","2071936526259751111","7985362032701202116","16006838102603995730","113394","9437159920195032742","2","26064136661564949616","49616"
"111","byte","42","16006838102603995730","2071936526259751111","10137829424956359922","23458","4617543989652366691","3","28216604053820106632","6632"
"115","byte","43","10137829424956359922","16006838102603995730","14060095699163886553","105742","1335237709057965423","4","40204763226724242783","42783"
"121","byte","44","14060095699163886553","10137829424956359922","3945465455381268898","134660","6712623156055071054","6","28143390579501514514","14514"
"115","byte","45","3945465455381268898","14060095699163886553","17605031699679257311","105742","12175026755601608767","1","35610592854224412954","12954"
"32","byte","46","17605031699679257311","3945465455381268898","7593054292931052947","71687","7667055896530837067","2","29143551447991579321","79321"
"108","byte","47","7593054292931052947","17605031699679257311","9852699908155938492","38376","17827652090969584872","1","35050785900766248933","48933"
"105","byte","48","9852699908155938492","7593054292931052947","17635427522016303675","97517","1624862561969344194","8","35081181723103294795","94795"
"109","byte","49","17635427522016303675","9852699908155938492","18399571813302052445","62722","7677201799509789610","4","45887699243474294520","94520"
"105","byte","50","18399571813302052445","17635427522016303675","4340033404062217915","97517","7020848680383528483","7","40375032739380573846","73846"
"116","byte","51","4340033404062217915","18399571813302052445","18270590146316978862","82036","11677161875624694364","3","41010195363681248885","48885"
"101","byte","52","18270590146316978862","4340033404062217915","4011563373400967597","39662","7185868511738803411","6","26622186923780163959","63959"
"100","byte","53","4011563373400967597","18270590146316978862","3265407626800171713","146","12221808532401958316","2","25547561146518118309","18309"
"44","byte","54","3265407626800171713","4011563373400967597","1926654703793283091","55500","12927150995781203614","6","9203625703994422640","22640"
"105","byte","55","1926654703793283091","3265407626800171713","17732404654885549796","97517","9550907238060275821","6","22924466985479005562","5562"
"110","byte","56","17732404654885549796","1926654703793283091","6182148104414341018","82893","7503368254104310202","8","25841207463093173491","73491"
"102","byte","57","6182148104414341018","17732404654885549796","7287453533019469735","113394","14698657691606284795","9","31202006292319359680","59680"
"121","byte","58","7287453533019469735","6182148104414341018","8728545140076847798","134660","18092443879830068528","6","22198146777510657638","57638"
"44","byte","59","8728545140076847798","7287453533019469735","6773679662220672246","55500","16651351770236362473","5","22789678335316990051","90051"
"110","byte","60","6773679662220672246","8728545140076847798","5777377293547330539","82893","13850689240188345256","2","21279602095844851189","51189"
"115","byte","61","5777377293547330539","6773679662220672246","11828076586007677527","105742","14851226360700609142","9","24379133541775679366","79366"
"101","byte","62","11828076586007677527","5777377293547330539","10559373153178703568","39662","4184615111222932522","8","28164827032733711545","11545"
"47","byte","63","10559373153178703568","11828076586007677527","10697054218819797289","27652","917912261492170311","2","33084503958006178516","78516"
"98","byte","64","10697054218819797289","10559373153178703568","12006455878958773209","68111","739975292030971829","7","33262883250957273957","73957"
"115","byte","65","12006455878958773209","10697054218819797289","14869251167927583026","105742","4082787644628863556","6","37572761265706152554","52554"
"101","byte","66","14869251167927583026","12006455878958773209","12023322069952349429","39662","5795368084909604687","8","38899029116838706027","6027"
"44","byte","67","12023322069952349429","14869251167927583026","18346181007797421904","55500","4101673156540070058","1","45238754245677354513","54513"
"98","byte","68","18346181007797421904","12023322069952349429","4274150299866014294","68111","6966439521916021196","7","34643653377615785490","85490"
"101","byte","69","4274150299866014294","18346181007797421904","15652081960832009289","39662","11918684828421348395","5","38272413268495445377","45377"
"110","byte","70","15652081960832009289","4274150299866014294","3640516924639848562","82893","5116128913889043223","6","23566749185337873071","73071"
"103","byte","71","3640516924639848562","15652081960832009289","11849327096786094586","147903","12444236747510025566","1","31141925982257953275","53275"
"97","byte","72","11849327096786094586","3640516924639848562","11770672133568148771","57225","4199111389920506592","9","27260516154994091522","91522"
"108","byte","73","11770672133568148771","11849327096786094586","14279245262201799472","38376","4426662711697589336","9","37899244492556043266","43266"
"117","byte","74","14279245262201799472","11770672133568148771","18325390104035268513","95385","6349345743373390650","6","44375307499805216135","16135"
"114","byte","75","18325390104035268513","14279245262201799472","6183472220950998562","42501","6946701873032713527","3","38788107587188065740","65740"
"117","byte","76","6183472220950998562","18325390104035268513","2069902190069073731","95385","14692820612415798824","4","26578764515055340731","40731"
"44","byte","77","2069902190069073731","6183472220950998562","3081996206741802824","55500","9407664111179692828","2","11335370617761874993","74993"
"104","byte","78","3081996206741802824","2069902190069073731","8188014556524520320","135059","13038495424420652104","1","13339912953335396193","96193"
"116","byte","79","8188014556524520320","3081996206741802824","10402510099187305051","82036","17264217540163929959","2","21672520862453627410","27410"
"116","byte","80","10402510099187305051","8188014556524520320","6250746536992172422","82036","1038742081777053372","2","24841271192703997627","97627"
"112","byte","81","6250746536992172422","10402510099187305051","13952677532050554275","77632","14449910880185524821","1","30605934168230031945","31945"
"115","byte","82","13952677532050554275","6250746536992172422","3485417409083899966","105742","6887877342306075710","6","23688841478126626832","26832"
"58","byte","83","3485417409083899966","13952677532050554275","2171477981178611930","44588","12567797321775204993","7","19609572922313066529","66529"
"47","byte","84","2171477981178611930","3485417409083899966","4763361941190185525","27652","9229522711181115469","3","10420257331452697526","97526"
"47","byte","85","4763361941190185525","2171477981178611930","15358784614428834856","27652","15865519356925549218","1","22293624536797632687","32687"
"101","byte","86","15358784614428834856","4763361941190185525","14816504138230111608","39662","5409426247403242069","1","34938650693849132952","32952"
"110","byte","87","14816504138230111608","15358784614428834856","7246853109492682883","82893","6028549387950144038","4","37422141862151629668","29668"
"46","byte","88","7246853109492682883","14816504138230111608","14983723504613233497","41907","18061272032574035875","9","37047080752336028141","28141"
"119","byte","89","14983723504613233497","7246853109492682883","15303314581618535839","80918","5892846427161086940","3","37533891195724453229","53229"
"105","byte","90","15303314581618535839","14983723504613233497","7394071539612137757","97517","5356805469636834785","1","37681109625843907308","7308"
"107","byte","91","7394071539612137757","15303314581618535839","501174640739691525","100228","17918271895993965066","4","23198560761970365573","65573"
"105","byte","92","501174640739691525","7394071539612137757","15482509581621129944","97517","11007921290308367483","4","23377755761972960223","60223"
"112","byte","93","15482509581621129944","501174640739691525","2370202844165948694","77632","5254458137618594059","9","18353887066526769692","69692"
"101","byte","94","2370202844165948694","15482509581621129944","18010941968698449100","39662","13750579642179730283","3","35863654394485528193","28193"
"100","byte","95","18010941968698449100","2370202844165948694","2964938279284470306","146","7477314526963464397","8","23346083092148868679","68679"
"105","byte","96","2964938279284470306","18010941968698449100","16188068364582769741","97517","13191863675410868828","5","37163948612565689068","89068"
"97","byte","97","16188068364582769741","2964938279284470306","1383752521552703762","57225","9120048531145060183","8","20536759165419944215","44215"
"46","byte","98","1383752521552703762","16188068364582769741","18428515038043064814","41907","10161081935443392050","9","36000335924178538220","38220"
"111","byte","99","18428515038043064814","1383752521552703762","15932640436016547617","23458","7027943568451598047","2","35744907995612316271","16271"
"114","byte","100","15932640436016547617","18428515038043064814","2078303284110102565","42501","4840074059805377975","9","36439458758169714404","14404"
"103","byte","101","2078303284110102565","15932640436016547617","446231059556174149","147903","9430788764292822281","2","18457174779682825261","25261"
"47","byte","102","446231059556174149","2078303284110102565","797540699012938397","27652","10954493109917024722","4","3322075042679215026","15026"
"119","byte","103","797540699012938397","446231059556174149","6319865377302165826","80918","10747302519711490584","5","7563637135871279428","79428"
"105","byte","104","6319865377302165826","797540699012938397","10429097881815945272","97517","14520684553552109884","8","17546503958131049872","49872"
"107","byte","105","10429097881815945272","6319865377302165826","4664725866480025448","100228","1048460194577838895","3","21413689125598137566","37566"
"105","byte","106","4664725866480025448","10429097881815945272","11663008092259946565","97517","16035935965918865174","3","26756831840555916560","16560"
"47","byte","107","11663008092259946565","4664725866480025448","9808514488819054152","27652","4606106720353458386","5","26136248447559026587","26587"
"105","byte","108","9808514488819054152","11663008092259946565","11478821564739091238","97517","1596999187672067638","3","32950344145818091808","91808"
"110","byte","109","11478821564739091238","9808514488819054152","1407584906990582784","82893","106836092552797304","8","22694920960548727609","27609"
"102","byte","110","1407584906990582784","11478821564739091238","17077114902253901498","113394","10214100984679375457","2","29963521373983576516","76516"
"111","byte","111","17077114902253901498","1407584906990582784","8348669575249958262","23458","8271248014590060939","7","26833369384494442194","42194"
"115","byte","112","8348669575249958262","17077114902253901498","11000905342838553622","105742","17143821728104410347","1","36426689820342412353","12353"
"121","byte","113","11000905342838553622","8348669575249958262","8298259703692153851","134660","476370725993502337","2","27647834621780666737","66737"
"115","byte","114","8298259703692153851","11000905342838553622","13219020037906273227","105742","17086145187122358886","2","32518185084436981717","81717"
"32","byte","115","13219020037906273227","8298259703692153851","2036010611661065851","71687","2973533636873285471","1","23553290353259492577","92577"
"119","byte","116","2036010611661065851","13219020037906273227","5910308145321785381","80918","9400742384907097854","2","21165338794889123398","23398"
"105","byte","117","5910308145321785381","2036010611661065851","5332766914481509223","97517","14714060739889438811","9","13279085671464361475","61475"
"112","byte","118","5332766914481509223","5910308145321785381","3666247675824250728","77632","15291606364481591476","2","14909322735627544612","44612"
"114","byte","119","3666247675824250728","5332766914481509223","7392548317558584991","42501","12454240154288119294","2","16391562907864343923","43923"
"111","byte","120","7392548317558584991","3666247675824250728","16966982767791310842","23458","17915568075663968686","8","28025778761174146264","46264"
"32","byte","121","16966982767791310842","7392548317558584991","13788357310555281519","71687","8449224968584657774","7","38147888395905176940","76940"
"108","byte","122","13788357310555281519","16966982767791310842","10863820384467212312","38376","2408700479257192724","7","41619160462813805661","5661"
"105","byte","123","10863820384467212312","13788357310555281519","4912861055405092810","97517","644985262630092902","7","29565038750427587661","87661"
"109","byte","124","4912861055405092810","10863820384467212312","15742572428654664891","62722","15716019675780873819","1","31519253868526969038","69038"
"105","byte","125","15742572428654664891","4912861055405092810","15135530808539707245","97517","4922332748747687109","3","35790964292599463918","63918"
"116","byte","126","15135530808539707245","15742572428654664891","17429563341100993944","82036","5493068477734998922","7","48307666578295365060","65060"
"101","byte","127","17429563341100993944","15135530808539707245","3314095552696681612","39662","8058424323973198821","9","35879189702337383021","83021"
"100","byte","128","3314095552696681612","17429563341100993944","574274611978093314","146","12955011017854312589","7","21317933505775769610","69610"
"44","byte","129","574274611978093314","3314095552696681612","12763869834369140311","55500","11083149839976005469","8","16652239999043915167","15167"
"119","byte","130","12763869834369140311","574274611978093314","9138026789856332042","80918","3392659969716969170","6","22476171236203564664","64664"
"105","byte","131","9138026789856332042","12763869834369140311","5561514888571515880","97517","16206118915786330484","7","27463411512796989273","89273"
"112","byte","132","5561514888571515880","9138026789856332042","8261302551470873356","77632","15211191322231355451","7","22960844229898720302","20302"
"114","byte","133","8261302551470873356","5561514888571515880","14946099606143842632","42501","17046532916503632282","2","28768917046186232911","32911"
"111","byte","134","14946099606143842632","8261302551470873356","1439757374492625796","23458","5862648630225733241","4","24647159532107342145","42145"
"44","byte","135","1439757374492625796","14946099606143842632","19582379292553619","55500","10217667056017700827","9","16405439359929021719","21719"
"110","byte","136","19582379292553619","1439757374492625796","7067090941818634104","82893","11417447114403075789","5","8526430695603813727","13727"
"115","byte","137","7067090941818634104","19582379292553619","11538124609434174574","105742","18168682521185945317","5","18624797930545361257","61257"
"101","byte","138","11538124609434174574","7067090941818634104","5546855214157951889","39662","4479074514274794003","5","24152070765410761378","61378"
"47","byte","139","5546855214157951889","11538124609434174574","16644149250376997657","27652","15189826619149941510","9","33729129073969123814","23814"
"98","byte","140","16644149250376997657","5546855214157951889","18415726685403218684","68111","8704503937540912517","1","40606731149938168149","68149"
"115","byte","141","18415726685403218684","16644149250376997657","3563528359045498456","105742","7036509796424874849","3","38623404294825715793","15793"
"101","byte","142","3563528359045498456","18415726685403218684","6870863273185979954","39662","12629020866179954725","2","28850118317634696913","96913"
"44","byte","143","6870863273185979954","3563528359045498456","3915062721438208176","55500","13937880015347880557","9","14349454353669687038","87038"
"98","byte","144","3915062721438208176","6870863273185979954","7960820889876310827","68111","12133367497451224620","4","18746746884500499120","99120"
"101","byte","145","7960820889876310827","3915062721438208176","2002664398302933826","39662","17315775223714207062","6","13878548009617452233","52233"
"110","byte","146","2002664398302933826","7960820889876310827","9470413587470709655","82893","9655045875164369948","6","19433898875649953660","53660"
"103","byte","147","9470413587470709655","2002664398302933826","15795486683605896106","147903","2115235256554968763","1","27268564669379540595","40595"
"97","byte","148","15795486683605896106","9470413587470709655","16521882752080518601","57225","4973010596705120432","8","41787783023157124009","24009"
"108","byte","149","16521882752080518601","15795486683605896106","16974591293519213708","38376","8898828549533297842","4","49291960729205627328","27328"
"117","byte","150","16974591293519213708","16521882752080518601","1118600405056801671","95385","8477645188355957894","9","34615074450656532995","32995"
"114","byte","151","1118600405056801671","16974591293519213708","4256681389741972362","42501","10498287230758422801","3","22349873088317988794","88794"
"117","byte","152","4256681389741972362","1118600405056801671","14457833304847504986","95385","11900124928666307456","4","19833115099646280108","80108"
"44","byte","153","14457833304847504986","4256681389741972362","12465550525228363803","55500","6238597585348061701","1","31180065219817841457","41457"
"104","byte","154","12465550525228363803","14457833304847504986","15160670028020512749","135059","3659721778220489499","4","42084053858096382594","82594"
"116","byte","155","15160670028020512749","12465550525228363803","5489449430883745847","82036","5499735900561593098","2","33115669984132621354","21354"
"116","byte","156","5489449430883745847","15160670028020512749","17347297718509427706","82036","15139141059268371664","7","37997417177413687284","87284"
"112","byte","157","17347297718509427706","5489449430883745847","749544782163901202","77632","7965322806902886441","7","23586291931557075756","75756"
"115","byte","158","749544782163901202","17347297718509427706","677616225270627380","105742","10687484724367557263","6","18774458725943957333","57333"
"58","byte","159","677616225270627380","749544782163901202","2361532228922430497","44588","10903243167578928779","4","3788693236356959505","59505"
"47","byte","160","2361532228922430497","677616225270627380","14000626327716424510","27652","13759236513512873142","4","17039774781909482808","82808"
"47","byte","161","14000626327716424510","2361532228922430497","10809915943385586172","27652","6664006720539124649","6","27172074500024441081","41081"
"101","byte","162","10809915943385586172","14000626327716424510","14431272705321213775","39662","591080956528076673","5","39241814976423225472","25472"
"110","byte","163","14431272705321213775","10809915943385586172","12402996116032362102","82893","6228856146337937425","6","37644184764739161014","61014"
"46","byte","164","12402996116032362102","14431272705321213775","18352037626831226495","41907","3609409673816068438","1","45186306448184802657","2657"
"119","byte","165","18352037626831226495","12402996116032362102","1935515949626354982","80918","6960578500573110010","4","32690549692489942461","42461"
"105","byte","166","1935515949626354982","18352037626831226495","3629810866758331082","97517","9577797656471926104","4","23917364443215911514","11514"
"107","byte","167","3629810866758331082","1935515949626354982","16248828232307571125","100228","12423413188475636189","8","21814155048692258143","58143"
"105","byte","168","16248828232307571125","3629810866758331082","4596859859256846648","97517","9171605477008400843","6","24475498958322749840","49840"
"112","byte","169","4596859859256846648","16248828232307571125","13369156355293400635","77632","11672250611156968171","2","34214844446857819405","19405"
"101","byte","170","13369156355293400635","4596859859256846648","5594943711425911300","39662","2864202940513890374","7","23560959925976157546","57546"
"100","byte","171","5594943711425911300","13369156355293400635","4539126999864558361","146","15245320329246326277","9","23503227066583871327","71327"
"105","byte","172","4539126999864558361","5594943711425911300","10228813310687764199","97517","11585877606848584551","4","20362884021978234897","34897"
"97","byte","173","10228813310687764199","4539126999864558361","18373890715286897413","57225","1424107507311470077","2","33141831025839220027","20027"
"46","byte","174","18373890715286897413","10228813310687764199","941490181385096109","41907","6974481500143141925","6","29544194207359757696","57696"
"111","byte","175","941490181385096109","18373890715286897413","6095190080238477559","23458","10603621889411527836","8","25410570976910472073","72073"
"114","byte","176","6095190080238477559","941490181385096109","11351311142568655729","42501","14600967602788606561","8","18387991404192230377","30377"
"103","byte","177","11351311142568655729","6095190080238477559","13742574908325667891","147903","265867335562616413","8","31189076131132802185","2185"
"47","byte","178","13742574908325667891","11351311142568655729","3361712452899957698","27652","2341896717644639396","6","28455598503794281721","81721"
"119","byte","179","3361712452899957698","13742574908325667891","17260853016623460090","80918","12722750394098692935","8","34365140377849086685","86685"
"105","byte","180","17260853016623460090","3361712452899957698","17891361188003777846","97517","8195891497232578180","5","38513926657527194551","94551"
"107","byte","181","17891361188003777846","17260853016623460090","12213258727170228492","100228","7385229990646574625","7","47365472931797465448","65448"
"105","byte","182","12213258727170228492","17891361188003777846","12599015528757106429","97517","3983802910924134770","5","42703635443931113854","13854"
"47","byte","183","12599015528757106429","12213258727170228492","14052699622353513772","27652","3526257380261535338","4","38864973878280848703","48703"
"119","byte","184","14052699622353513772","12599015528757106429","9872207038728633728","80918","6715516183008703913","1","36523922189839252956","52956"
"105","byte","185","9872207038728633728","14052699622353513772","1311025039753758572","97517","1672636764105139710","1","25235931700835905122","5122"
"112","byte","186","1311025039753758572","9872207038728633728","10915636323351102641","77632","10089976223805803711","6","22098868401833493899","93899"
"114","byte","187","10915636323351102641","1311025039753758572","1083757309576468832","42501","669726681988941351","7","13310418672681329094","29094"
"111","byte","188","1083757309576468832","10915636323351102641","1415396745795776903","23458","10465589547406976593","9","13414790378723349383","49383"
"32","byte","189","1415396745795776903","1083757309576468832","10520414835963855703","71687","10201504651100540179","6","13019568891336101156","1156"
"98","byte","190","10520414835963855703","1415396745795776903","961362381187081741","68111","880308818130988491","6","12897173962946713820","13820"
"105","byte","191","961362381187081741","10520414835963855703","12405342268872973905","97517","10619497011656883827","2","23887119486023910379","10379"
"111","byte","192","12405342268872973905","961362381187081741","3207462581909082423","23458","3611843643507597664","8","16574167231969137064","37064"
"99","byte","193","3207462581909082423","12405342268872973905","10469570022651648564","3157","12877000247951505905","5","26082374873433705382","5382"
"111","byte","194","10469570022651648564","3207462581909082423","10980258978087430979","23458","1115797380767474949","1","24657291582648162939","62939"
"110","byte","195","10980258978087430979","10469570022651648564","11982480507215813427","82893","456779891484707869","1","33432309507954894039","94039"
"32","byte","196","11982480507215813427","10980258978087430979","10602483261760620581","71687","4070457125223491495","3","33565222747063864874","64874"
"108","byte","197","10602483261760620581","11982480507215813427","15559578196855005392","38376","942641981681875294","4","38144541965831440473","40473"
"105","byte","198","15559578196855005392","10602483261760620581","16970227025802517798","97517","5321495918647949486","9","43132288484418144722","44722"
"109","byte","199","16970227025802517798","15559578196855005392","10264346257975874551","62722","8481723028960824503","3","42794151480633396773","96773"
"105","byte","200","10264346257975874551","16970227025802517798","13427402293339112335","97517","1172397362653957001","3","40661975577117505637","5637"
"116","byte","201","13427402293339112335","10264346257975874551","1778656511076159318","82036","2621322066378844008","9","25470405062391147317","47317"
"101","byte","202","1778656511076159318","13427402293339112335","18026734639934144785","39662","9698632730408890667","1","33232793444349415425","15425"
"100","byte","203","18026734639934144785","1778656511076159318","6730277919033168704","146","7213827741708018960","4","26535669070043473878","73878"
"44","byte","204","6730277919033168704","18026734639934144785","7918123758865748576","55500","14074234418721074975","3","32675136317833061558","61558"
"98","byte","205","7918123758865748576","6730277919033168704","17458252770627958515","68111","17570136585068313852","5","32106654448526875315","75315"
"105","byte","206","17458252770627958515","7918123758865748576","14117646283286908549","97517","7818061885119737485","6","39494022812780614547","14547"
"111","byte","207","14117646283286908549","17458252770627958515","4365462411581457700","23458","6763436624047649204","6","35941361465496323804","23804"
"99","byte","208","4365462411581457700","14117646283286908549","13730285659058710776","3157","11719005417589206498","8","32213394353927077504","77504"
"111","byte","209","13730285659058710776","4365462411581457700","311836583087411643","23458","2358971097304373193","3","18407584653727581083","81083"
"110","byte","210","311836583087411643","13730285659058710776","8056946222867248450","82893","11125197304318572261","2","22099068465013371835","71835"
"44","byte","211","8056946222867248450","311836583087411643","9286619585224440497","55500","17431037632548292893","2","17655402391179101110","1110"
"110","byte","212","9286619585224440497","8056946222867248450","16455531427256363103","82893","2222468099504856559","2","33799097235348053038","53038"
"115","byte","213","16455531427256363103","9286619585224440497","5873937438174481677","105742","8821059755700490690","1","31616088450655286259","86259"
"101","byte","214","5873937438174481677","16455531427256363103","7513045264748736695","39662","14966327169421472624","3","29842514130179580518","80518"
"47","byte","215","7513045264748736695","5873937438174481677","7314562223849101404","27652","17759042868303067168","7","20701544926772320278","20278"
"98","byte","216","7314562223849101404","7513045264748736695","12414661889012464108","68111","18137669361723193024","9","27242269377610302746","2746"
"115","byte","217","12414661889012464108","7314562223849101404","974141133071868378","105742","3638561668022337649","1","20703365245933434810","34810"
"101","byte","218","974141133071868378","12414661889012464108","12526359076026100879","39662","10643027960550301607","3","25915162098110434328","34328"
"44","byte","219","12526359076026100879","974141133071868378","6490184091868390203","55500","3738524867402272976","3","19990684300966359986","59986"
"98","byte","220","6490184091868390203","12526359076026100879","17629045433788814701","68111","14134193056849038759","6","36645588601683305234","5234"
"101","byte","221","17629045433788814701","6490184091868390203","17002103708939253587","39662","7679071474808040208","9","41121333234596457395","57395"
"110","byte","222","17002103708939253587","17629045433788814701","4227917955929008249","82893","8486156669390934029","5","38859067098657075451","75451"
"103","byte","223","4227917955929008249","17002103708939253587","2685236011137148700","147903","11861334917781835093","1","23915257676005411476","11476"
"97","byte","224","2685236011137148700","4227917955929008249","15835036683331275718","57225","13507604069268593670","8","22748190650397432178","32178"
"108","byte","225","15835036683331275718","2685236011137148700","10250229180283880314","38376","5041252353302690493","3","28770501874752305633","5633"
"117","byte","226","10250229180283880314","15835036683331275718","7488400436909492146","95385","1186514440378717040","7","33573666300524649321","49321"
"114","byte","227","7488400436909492146","10250229180283880314","7281522667272026881","42501","18004086451235587364","5","25020152284465398334","98334"
"117","byte","228","7281522667272026881","7488400436909492146","92065273994633666","95385","18102873942832655115","9","14861988378176153858","53858"
"44","byte","229","92065273994633666","7281522667272026881","7147967652365914152","55500","11488802876262309277","9","14521555593632575241","75241"
"104","byte","230","7147967652365914152","92065273994633666","5322519476965922255","135059","18232215113820322600","6","12562552403326471127","71127"
"116","byte","231","5322519476965922255","7147967652365914152","12712591217394363189","82036","15558277527240962344","7","25183078346726198439","98439"
"116","byte","232","12712591217394363189","5322519476965922255","7538626647669143496","82036","3340346986301853650","4","25573737342029430090","30090"
"112","byte","233","7538626647669143496","12712591217394363189","5903665368847713263","77632","17773998297250642971","2","26154883233911218897","18897"
"115","byte","234","5903665368847713263","7538626647669143496","14178399032451825177","105742","14977127271682177650","9","27620691048968682833","82833"
"58","byte","235","14178399032451825177","5903665368847713263","5935111557216651154","44588","6554060676238980262","4","26017175958516189102","89102"
"47","byte","236","5935111557216651154","14178399032451825177","11680793330681226176","27652","14729789204936838917","7","31794303920349702012","2012"
"47","byte","237","11680793330681226176","5935111557216651154","15559285179774517333","27652","4336397018362653527","5","33175190067672394201","94201"
"101","byte","238","15559285179774517333","11680793330681226176","4891072670917615623","39662","5321802125609745960","2","32131151181373360087","60087"
"110","byte","239","4891072670917615623","15559285179774517333","7063909052333425108","82893","15985506086996100953","6","27514266903025559177","59177"
"46","byte","240","7063909052333425108","4891072670917615623","17446001616238496777","41907","18176372386871035636","8","29400983339489538037","38037"
"119","byte","241","17446001616238496777","7063909052333425108","2557732573627784597","80918","7794569527108310156","3","27067643242199705612","5612"
"105","byte","242","2557732573627784597","17446001616238496777","15907028002945006826","97517","13639606119938164203","7","35910762192811287051","87051"
"107","byte","243","15907028002945006826","2557732573627784597","4468656259469472356","100228","4825154044703514621","2","22933416836042262649","62649"
"105","byte","244","4468656259469472356","15907028002945006826","8309871739617817626","97517","11544030451327035930","2","28685556002032297957","97957"
"112","byte","245","8309871739617817626","4468656259469472356","1986561893126866313","77632","17106327149110591433","7","14765089892214155352","55352"
"101","byte","246","1986561893126866313","8309871739617817626","11514593020076296737","39662","9630620411775515636","2","21811026652820979751","79751"
"100","byte","247","11514593020076296737","1986561893126866313","1023297866421265691","146","142836323855855136","7","14524452779624429856","29856"
"105","byte","248","1023297866421265691","11514593020076296737","9366904695433351741","97517","10377421939392085349","1","21904795581930913266","13266"
"97","byte","249","9366904695433351741","1023297866421265691","14759134645536330063","57225","2290809971757476135","4","25149337207390947045","47045"
"46","byte","250","14759134645536330063","9366904695433351741","3481907037374115479","41907","5973325041690236527","9","27607946378343797834","97834"
"111","byte","251","3481907037374115479","14759134645536330063","12048329166981397987","23458","12566522601714864550","7","30289370849891842605","42605"
"114","byte","252","12048329166981397987","3481907037374115479","10721716517163150146","42501","4108191278365523829","8","26251952721518662468","62468"
"103","byte","253","10721716517163150146","12048329166981397987","17690690445616369986","147903","791588881286860398","3","40460736129760919135","19135"
"47","byte","254","17690690445616369986","10721716517163150146","8331707565545375112","27652","7761545499352127957","3","36744114528324895691","95691"
"119","byte","255","8331707565545375112","17690690445616369986","5238962473119469107","80918","17120243056154582285","7","31261360484281213095","13095"
"105","byte","256","5238962473119469107","8331707565545375112","1636994065662898589","97517","15457463490715342413","4","15207664104327741897","41897"
"107","byte","257","1636994065662898589","5238962473119469107","1988364851513239392","100228","9836069207212266122","3","8864321390295608018","8018"
"105","byte","258","1988364851513239392","1636994065662898589","10703485383673648028","97517","9633040127842238238","4","14328844300849785132","85132"
"47","byte","259","10703485383673648028","1988364851513239392","6838303479418937807","27652","773795078873815819","7","19530153714605824779","24779"
"98","byte","260","6838303479418937807","10703485383673648028","13713837560225752681","68111","13894151796812025683","6","31255626423318338975","38975"
"105","byte","261","13713837560225752681","6838303479418937807","12371161294668999178","97517","2334605285851364887","8","32923302334313688790","88790"
"111","byte","262","12371161294668999178","13713837560225752681","14053188619733590740","23458","3861915980708484411","1","40138187474628343728","43728"
"99","byte","263","14053188619733590740","12371161294668999178","8258701866009309816","3157","6715303751408421394","1","34683051780411899148","99148"
"111","byte","264","8258701866009309816","14053188619733590740","2938119839154518372","23458","17053922524838825289","7","25250010324897419835","19835"
"110","byte","265","2938119839154518372","8258701866009309816","6478999054373374527","82893","13182376769829477946","2","17675820759537203662","3662"
"32","byte","266","6478999054373374527","2938119839154518372","2139137204728008037","71687","14401806724427888299","7","11556256098255900369","369"
"116","byte","267","2139137204728008037","6478999054373374527","9062084051839376410","82036","9482544851510602114","4","17680220310940758057","58057"
"105","byte","268","9062084051839376410","2139137204728008037","1092816894051649974","97517","16426181278611358820","6","12294038150619033506","33506"
"116","byte","269","1092816894051649974","9062084051839376410","15432015107843478121","82036","10456529945809104209","8","25586916053734505374","5374"
"97","byte","270","15432015107843478121","1092816894051649974","1241642736215759939","57225","5196870584053426547","8","17766474738110887471","87471"
"110","byte","271","1241642736215759939","15432015107843478121","17611471044867466180","82893","10307695853007059741","6","34285128888926703209","3209"
"32","byte","272","17611471044867466180","1241642736215759939","3400228960964971910","71687","7665120116556455760","8","22253342742048197572","97572"
"99","byte","273","3400228960964971910","17611471044867466180","11963391558999674298","3157","12756291467173455168","8","32975091564832112992","12992"
"111","byte","274","11963391558999674298","3400228960964971910","16161923020072249756","23458","4049290792420455051","3","31525543540036894817","94817"
"109","byte","275","16161923020072249756","11963391558999674298","8617859928776018376","62722","9114677487286220813","5","36743174507847943390","43390"
"112","byte","276","8617859928776018376","16161923020072249756","13648090739477829691","77632","16838871369535439387","2","38427873688326098719","98719"
"97","byte","277","13648090739477829691","8617859928776018376","6478897560422031895","57225","2544740012214149921","2","28744848228675880504","80504"
"110","byte","278","6478897560422031895","13648090739477829691","10318200157739198537","82893","14402180347510818121","7","30445188457639061229","61229"
"121","byte","279","10318200157739198537","6478897560422031895","3124248146120611285","134660","1226920670521901790","9","19921345864281842867","42867"
"32","byte","280","3124248146120611285","10318200157739198537","1905191587917016490","71687","13073094966996789569","6","15347639891776826759","26759"
"108","byte","281","1905191587917016490","3124248146120611285","14841506617721964751","38376","9531833559290207441","2","19870946351759591443","91443"
"105","byte","282","14841506617721964751","1905191587917016490","9126448291378881613","97517","6035076508166541489","9","25873146497017863773","63773"
"109","byte","283","9126448291378881613","14841506617721964751","13138060848211214845","62722","16181664240638588380","6","37106015757312060239","60239"
"105","byte","284","13138060848211214845","9126448291378881613","16998851434535672912","97517","2910659079140268419","6","39263360574125770223","70223"
"116","byte","285","16998851434535672912","13138060848211214845","11672362938176805202","82036","8493635968942897335","2","41809275220923692092","92092"
"101","byte","286","11672362938176805202","16998851434535672912","3189652589997265270","39662","4597024609181656879","9","31860866962709744543","44543"
"100","byte","287","3189652589997265270","11672362938176805202","15686647515360101531","146","12859067320190203255","4","30548663043534173154","73154"
"44","byte","288","15686647515360101531","3189652589997265270","3483807276156502662","55500","5153617109376776388","2","22360107381513870016","70016"
"116","byte","289","3483807276156502662","15686647515360101531","9951865938966407235","82036","12569408000121628257","7","29122320730483012389","12389"
"105","byte","290","9951865938966407235","3483807276156502662","6432741681014957920","97517","1453353029715226685","7","19868414896137869016","69016"
"116","byte","291","6432741681014957920","9951865938966407235","13597012913252262620","82036","14371771202156086151","7","29981620533233626818","26818"
"97","byte","292","13597012913252262620","6432741681014957920","4255024543357319615","57225","2487449950931016134","7","24284779137624539598","39598"
"110","byte","293","4255024543357319615","13597012913252262620","6376477758136680595","82893","11906281556389437153","4","24228515214746263713","63713"
"44","byte","294","6376477758136680595","4255024543357319615","16945467004020347637","55500","14288431804471590092","8","27576969305514348418","48418"
"110","byte","295","16945467004020347637","6376477758136680595","7208761730871748241","82893","8438934042844951979","3","30530706493028777354","77354"
"115","byte","296","7208761730871748241","16945467004020347637","5292370070150320504","105742","18031800620709682956","5","29446598805042415261","15261"
"101","byte","297","5292370070150320504","7208761730871748241","16230389889115520222","39662","15511873969591480069","8","28731521690137590109","90109"
"47","byte","298","16230389889115520222","5292370070150320504","18444753852957898664","27652","9154292082973373513","2","39967513812223739857","39857"
"98","byte","299","18444753852957898664","16230389889115520222","5804390429665210943","68111","7048015077098641716","3","40479534171738629363","29363"
"115","byte","300","5804390429665210943","18444753852957898664","4362862872681402143","105742","14896271419897596834","1","28612007155304512965","12965"
"101","byte","301","4362862872681402143","5804390429665210943","7034345770357427734","39662","11726099180202668386","4","17201599072704039900","39900"
"44","byte","302","7034345770357427734","4362862872681402143","16223301987048738407","55500","18422112316418667081","2","27620510630087567863","67863"
"98","byte","303","16223301987048738407","7034345770357427734","16820590487479536749","68111","9156880766217003259","3","40078238244885702506","2506"
"101","byte","304","16820590487479536749","16223301987048738407","4099855864632116490","39662","8600120831376536080","8","37143748339160390755","90755"
"110","byte","305","4099855864632116490","16820590487479536749","14676245146315057473","82893","12020921691063067220","8","35596691498426709823","9823"
"103","byte","306","14676245146315057473","4099855864632116490","249964019062568408","147903","6168531307266886765","7","19026065030009743572","43572"
"97","byte","307","249964019062568408","14676245146315057473","1463521652227685787","57225","11335407748070690498","8","16389730817605312054","12054"
"108","byte","308","1463521652227685787","249964019062568408","4816482588856769751","38376","9977725563776617696","6","6529968260147022836","22836"
"117","byte","309","4816482588856769751","1463521652227685787","7538154870053147181","95385","15915981513612086493","9","13818159111137601491","1491"
"114","byte","310","7538154870053147181","4816482588856769751","4890072301656845519","42501","17774474434309050555","3","17244709760566763669","63669"
"117","byte","311","4890072301656845519","7538154870053147181","4330901687940360929","95385","15990733481506159813","3","16759128859650352415","52415"
"44","byte","312","4330901687940360929","4890072301656845519","18383156420470071116","55500","11686011567063275198","4","27604130410067276973","76973"
"104","byte","313","18383156420470071116","4330901687940360929","10668309821495919581","135059","7001249024371405900","8","33382367929906350667","50667"
"116","byte","314","10668309821495919581","18383156420470071116","6920276421567015791","82036","736913562402580282","8","35971742663533007296","7296"
"116","byte","315","6920276421567015791","10668309821495919581","11290510452499462321","82036","18320285960081657736","9","28879096695562398788","98788"
"112","byte","316","11290510452499462321","6920276421567015791","12224398559295080360","77632","187052039134770018","8","30435185433361559326","59326"
"115","byte","317","12224398559295080360","11290510452499462321","17560545975123520941","105742","4004456539890220597","4","41075454986918062554","62554"
"58","byte","318","17560545975123520941","12224398559295080360","5738642841193941078","44588","7891694402216781586","2","35523587375612542756","42756"
"47","byte","319","5738642841193941078","17560545975123520941","5775425980960580908","27652","15101898839042293953","9","29074614797278043567","43567"
"47","byte","320","5775425980960580908","5738642841193941078","11565066606493873145","27652","14848674657749282235","2","23079135428648395768","95768"
"101","byte","321","11565066606493873145","5775425980960580908","14305369984993951459","39662","4487880410495470980","7","31645862572448406372","6372"
"110","byte","322","14305369984993951459","11565066606493873145","6371736763959459979","82893","6391060372582193597","3","32242173355447283405","83405"
"46","byte","323","6371736763959459979","14305369984993951459","10526172760988195153","41907","14293173331209553835","6","31203279509941606973","6973"
"119","byte","324","10526172760988195153","6371736763959459979","4898532284290866724","80918","874547023361819092","5","21796441809238522975","22975"
"105","byte","325","4898532284290866724","10526172760988195153","12460660386148570674","97517","15982268551015794266","8","27885365431427631733","31733"
"107","byte","326","12460660386148570674","4898532284290866724","17539481544338730760","100228","3664330459513173285","9","34898674214778167303","67303"
"105","byte","327","17539481544338730760","12460660386148570674","8742090722396379940","97517","7881220390009272182","5","38742232652883680566","80566"
"112","byte","328","8742090722396379940","17539481544338730760","16823225771958034644","77632","16673834937739628791","2","43104798038693146564","46564"
"101","byte","329","16823225771958034644","8742090722396379940","4390940909046965385","39662","8597199124046651049","3","29956257403401380879","80879"
"100","byte","330","4390940909046965385","16823225771958034644","4551231508978270718","146","11734331995640545416","4","25765398189983269623","69623"
"105","byte","331","4551231508978270718","4390940909046965385","1959820390398291400","97517","11609788670573943168","5","10901992808423528311","28311"
"97","byte","332","1959820390398291400","4551231508978270718","15776687371511238973","57225","9585304857323198162","1","22287739270887801486","1486"
"46","byte","333","15776687371511238973","1959820390398291400","17905542122758355023","41907","4955494689039013405","2","35642049884667886024","86024"
"111","byte","334","17905542122758355023","15776687371511238973","17942020597170961177","23458","7370767546516506494","7","51624250091440556262","56262"
"114","byte","335","17942020597170961177","17905542122758355023","2736930998389597340","42501","7406632573591959951","5","38584493718318914737","14737"
"103","byte","336","2736930998389597340","17942020597170961177","3116051276552055959","147903","13532456531729858992","7","23795002872112613379","13379"
"47","byte","337","3116051276552055959","2736930998389597340","5256799907408552858","27652","13044968348878742528","2","11109782182350206521","6521"
"119","byte","338","5256799907408552858","3116051276552055959","2514798882667956703","80918","15475668026099759903","6","10887650066628566285","66285"
"105","byte","339","2514798882667956703","5256799907408552858","1799695763612092644","97517","13605697713509503393","5","9571294553688603067","3067"
"107","byte","340","1799695763612092644","2514798882667956703","13572184934215070385","100228","9713899884380957683","4","17886679580495120547","20547"
"105","byte","341","13572184934215070385","1799695763612092644","4040162152012198074","97517","2480762061234973391","3","19412042849839362035","62035"
"47","byte","342","4040162152012198074","13572184934215070385","5500821233779298269","27652","11972524575919192109","7","23113168320006567087","67087"
"116","byte","343","5500821233779298269","4040162152012198074","15478059221033280503","82036","15159589672628415290","3","25019042606824775645","75645"
"105","byte","344","15478059221033280503","5500821233779298269","9704016838044178068","97517","5258626993198398345","6","30682897292856757649","57649"
"116","byte","345","9704016838044178068","15478059221033280503","9329681244545398907","82036","1773554445401027187","7","34511757303622856415","56415"
"97","byte","346","9329681244545398907","9704016838044178068","8080050724377875727","57225","2255975828594492257","7","27113748806967453303","53303"
"110","byte","347","8080050724377875727","9329681244545398907","10274241950383539951","82893","17155727119483105873","8","27683973919306813750","13750"
"95","byte","348","10274241950383539951","8080050724377875727","11952441588485504522","37238","1198530514495337226","2","30306734263246919527","19527"
"99","byte","349","11952441588485504522","10274241950383539951","4312749362926172076","3157","4316950885142419148","9","26539432901795216213","16213"
"111","byte","350","4312749362926172076","11952441588485504522","7818560194892633537","23458","11956651339925653661","8","24083751146304309064","9064"
"109","byte","351","7818560194892633537","4312749362926172076","12055285707852464847","62722","17489274693316838480","4","24186595265671269198","69198"
"112","byte","352","12055285707852464847","7818560194892633537","7263472753656775706","77632","4142049158924634396","3","27137318656401874928","74928"
"97","byte","353","7263472753656775706","12055285707852464847","8696161063767584412","57225","18084890695733640960","8","28014919525276825633","25633"
"110","byte","354","8696161063767584412","7263472753656775706","16732892523630211164","82893","16616455033583307202","3","32692526341054570190","70190"
"121","byte","355","16732892523630211164","8696161063767584412","613618965043208174","134660","8502889147114642123","9","26042672552441004818","4818"
"32","byte","356","613618965043208174","16732892523630211164","2720113674875712055","71687","10859157867887633274","9","20066625163549130768","30768"
"109","byte","357","2720113674875712055","613618965043208174","8184223904381609771","62722","13513245573685617574","9","11517956544300531272","31272"
"112","byte","358","8184223904381609771","2720113674875712055","17164207939062254621","77632","17267731149777169656","9","28068545518319575583","75583"
"104","byte","359","17164207939062254621","8184223904381609771","13282159092906744889","135059","8071855258197337885","7","38630590936350608472","8472"
"97","byte","360","13282159092906744889","17164207939062254621","7819613432499219419","57225","2766561384215144227","2","38265980464468219528","19528"
"115","byte","361","7819613432499219419","13282159092906744889","16896477035641464997","105742","17488499099516064326","4","37998249561047430147","30147"
"105","byte","362","16896477035641464997","7819613432499219419","4943307135841202057","97517","8379828841185243355","7","29659397603981887428","87428"
"115","byte","363","4943307135841202057","16896477035641464997","17681604364734440599","105742","15757354159733085716","3","39521388536217106373","6373"
"32","byte","364","17681604364734440599","4943307135841202057","17282174143331551760","71687","7734603350203521027","3","39907085643907194791","94791"
"108","byte","365","17282174143331551760","17681604364734440599","16883644325665584332","38376","8206091135570361195","7","51847422833731577964","77964"
"105","byte","366","16883644325665584332","17282174143331551760","5516082784732322148","97517","8392942476377271474","1","39681901253729457063","57063"
"109","byte","367","5516082784732322148","16883644325665584332","3602651802910624858","62722","15184565265150675189","6","26002378913308532078","32078"
"105","byte","368","3602651802910624858","5516082784732322148","16769686644778541463","97517","12666454230761182244","9","25888421232421487702","87702"
"116","byte","369","16769686644778541463","3602651802910624858","15498716587682114562","82036","8542937746074371440","8","35871055035371281636","81636"
"101","byte","370","15498716587682114562","16769686644778541463","14808550459794986384","39662","5269766987425370751","2","47076953692255641604","41604"
"100","byte","371","14808550459794986384","15498716587682114562","7338685677710629605","146","6031995103099974033","4","37645952725187729454","29454"
"44","byte","372","7338685677710629605","14808550459794986384","13127814611461651506","55500","18153805608490559162","2","35275050748967266828","66828"
"109","byte","373","13127814611461651506","7338685677710629605","13938970909884732300","62722","2889099210403753379","9","34405471199057012621","12621"
"112","byte","374","13938970909884732300","13127814611461651506","18249466788068401647","77632","6865268731816810591","3","45316252309414786463","86463"
"104","byte","375","18249466788068401647","13938970909884732300","4823104934785904207","135059","7166450642905287407","5","37011542632739038957","38957"
"97","byte","376","4823104934785904207","18249466788068401647","11482596893787811793","57225","15913581275087263061","5","34555168616642117194","17194"
"115","byte","377","11482596893787811793","4823104934785904207","7237298170917374617","105742","102765514526299724","3","23542999999491089351","89351"
"105","byte","378","7237298170917374617","11482596893787811793","12352174997780956872","97517","18034512898136625895","1","31072070062486144557","44557"
"115","byte","379","12352174997780956872","7237298170917374617","15647363170473547293","105742","3845163747342548821","8","35236836339171878032","78032"
"44","byte","380","15647363170473547293","12352174997780956872","1845389969951307794","55500","5121120950093982274","7","29844928138205811588","11588"
"110","byte","381","1845389969951307794","15647363170473547293","13723688644055770618","82893","9776010628542308172","7","31216441784480626956","26956"
"115","byte","382","13723688644055770618","1845389969951307794","1606771499454207337","105742","2324754219186674791","1","17175850113461284458","84458"
"101","byte","383","1606771499454207337","13723688644055770618","1969387778837014709","39662","9834488927808154388","3","17299847922346991666","91666"
"47","byte","384","1969387778837014709","1606771499454207337","16584702296327607280","27652","9611757448395841570","9","20160861574618829771","29771"
"98","byte","385","16584702296327607280","1969387778837014709","16437018622041894927","68111","8655860652247563628","8","34991108697206516200","16200"
"115","byte","386","16437018622041894927","16584702296327607280","8082399239022093503","105742","8803267202318223762","6","41104120157391596999","96999"
"101","byte","387","8082399239022093503","16437018622041894927","16718098223135382140","39662","17157882183046683330","2","41237516084199369436","69436"
"44","byte","388","16718098223135382140","8082399239022093503","3788058273454446208","55500","8517965476608894499","4","28588555735611921408","21408"
"98","byte","389","3788058273454446208","16718098223135382140","17279511336595314473","68111","12296686632659728412","3","37785667833185142269","42269"
"101","byte","390","17279511336595314473","3788058273454446208","17955036107552187943","39662","8212966738264828244","3","39022605717601947779","47779"
"110","byte","391","17955036107552187943","17279511336595314473","2343463361861614996","82893","7429359991530766713","7","37578010806009116565","16565"
"103","byte","392","2343463361861614996","17955036107552187943","16066009536470314501","147903","13741289760591141048","4","36364509005884116159","16159"
"97","byte","393","16066009536470314501","2343463361861614996","10801071260361489954","57225","4666458414291965215","3","29210544158693419145","19145"
"108","byte","394","10801071260361489954","16066009536470314501","13169091735048230474","38376","851853972910640985","9","40036172531880034151","34151"
"117","byte","395","13169091735048230474","10801071260361489954","9886965584273496687","95385","2951399891823756864","3","33857128579683216395","16395"
"114","byte","396","9886965584273496687","13169091735048230474","4210019096822022793","42501","1658159646280554745","5","27266076416143751242","51242"
"117","byte","397","4210019096822022793","9886965584273496687","15173467337884066372","95385","11843208806762877571","9","29270452018979587184","87184"
"44","byte","398","15173467337884066372","4210019096822022793","13865111976448284129","55500","5522967439236980251","7","33248598411154372845","72845"
"104","byte","399","13865111976448284129","15173467337884066372","2385993422535133385","135059","6799798101551922913","7","31424572736867482629","82629"
"116","byte","400","2385993422535133385","13865111976448284129","8813014715057302349","82036","13775308227686902830","7","25064120114040721173","21173"
"116","byte","401","8813014715057302349","2385993422535133385","11146707403776990555","82036","16463303754682126250","6","22345715541369427106","27106"
"112","byte","402","11146707403776990555","8813014715057302349","15384590736640456620","77632","326078770647094920","3","35344312855474748240","48240"
"115","byte","403","15384590736640456620","11146707403776990555","6554099037215816541","105742","5455673870882557489","6","33085397177633262398","62398"
"58","byte","404","6554099037215816541","15384590736640456620","2915575873624221364","44588","14178369428962980322","9","24854265647480494052","94052"
"47","byte","405","2915575873624221364","6554099037215816541","14159168807712440426","27652","13132863158587895331","4","23628843718552477749","77749"
"47","byte","406","14159168807712440426","2915575873624221364","14906269885929658594","27652","6505450462313695485","6","31981014567266320967","20967"
"101","byte","407","14906269885929658594","14159168807712440426","625838719702772079","39662","5830697816088143519","9","29691277413344872379","72379"
"110","byte","408","625838719702772079","14906269885929658594","12690287791988265372","82893","10851446695005949489","5","28222396397620696813","96813"
"46","byte","409","12690287791988265372","625838719702772079","4816262891110803490","41907","3326906937971775164","8","18132389402801841367","41367"
"119","byte","410","4816262891110803490","12690287791988265372","2231252967725126593","80918","15916200665851981991","9","19737803650824196820","96820"
"105","byte","411","2231252967725126593","4816262891110803490","264750566580481114","97517","9277548796692646847","1","7312266425416412007","12007"
"107","byte","412","264750566580481114","2231252967725126593","4718349894990014557","100228","11356930944262934349","6","7214353429295621507","21507"
"105","byte","413","4718349894990014557","264750566580481114","16175184069418727783","97517","16090670436082298915","9","21158284530989224754","24754"
"112","byte","414","16175184069418727783","4718349894990014557","13473135359665344180","77632","9101411524462113460","4","34366669324074087312","87312"
"101","byte","415","13473135359665344180","16175184069418727783","11075727816085877019","39662","2651855473135808713","6","40724047245169948226","48226"
"100","byte","416","11075727816085877019","13473135359665344180","17333159534244408898","146","541446242526057754","3","41882022709995630863","30863"
"105","byte","417","17333159534244408898","11075727816085877019","2977859393168307356","97517","7979456580239832636","6","31386746743498592555","92555"
"97","byte","418","2977859393168307356","17333159534244408898","16802031915011144624","57225","13214690428992212870","6","37113050842423861343","61343"
"46","byte","419","16802031915011144624","2977859393168307356","7811167398132831468","41907","8582654416460397712","4","27591058706312282844","82844"
"111","byte","420","7811167398132831468","16802031915011144624","7120537380389310028","23458","17460929531057794013","4","31733736693533285367","85367"
"114","byte","421","7120537380389310028","7811167398132831468","501882473927691303","42501","18223326317757992154","5","15433587252449832082","32082"
"103","byte","422","501882473927691303","7120537380389310028","7793236832108013079","147903","11006923701427923211","1","15415656686425013607","13607"
"47","byte","423","7793236832108013079","501882473927691303","16981472193390854468","27652","17442540461973433984","1","25276591499426558568","58568"
"119","byte","424","16981472193390854468","7793236832108013079","280151032516823770","80918","8474990845524122049","6","25054860058015692056","92056"
"105","byte","425","280151032516823770","16981472193390854468","5622579740838884035","97517","11372770313705542308","5","22884202966746563563","63563"
"107","byte","426","5622579740838884035","280151032516823770","3191971276185297896","100228","15001512097515147732","1","9094702049541006930","6930"
"105","byte","427","3191971276185297896","5622579740838884035","8074290271656279508","97517","12860962563824515990","6","16888841288680462187","62187"
"47","byte","428","8074290271656279508","3191971276185297896","17511571621072340346","27652","17166276478001018179","8","28777833168913918087","18087"
"109","byte","429","17511571621072340346","8074290271656279508","2292458236757137874","62722","7868597938031989995","7","27878320129485756354","56354"
"112","byte","430","2292458236757137874","17511571621072340346","198430824060170655","77632","9360462615534670337","3","20002460681889649685","49685"
"104","byte","431","198430824060170655","2292458236757137874","1883892602313904495","135059","11310665605156067999","9","4374781663131213803","13803"
"97","byte","432","1883892602313904495","198430824060170655","8423195599036304380","57225","9517117487494376053","1","10505519025410380077","80077"
"115","byte","433","8423195599036304380","1883892602313904495","83194086232056799","105742","16920668653099725409","9","10390282287582266378","66378"
"105","byte","434","83194086232056799","8423195599036304380","5789867976303107738","97517","11461917434788281249","9","14296257661571469620","69620"
"115","byte","435","5789867976303107738","83194086232056799","18105480628010576380","105742","14875046001547749127","9","23978542690545740207","40207"
"32","byte","436","18105480628010576380","5789867976303107738","13418065576215142340","71687","7310730935122138472","6","37313414180528826749","26749"
"109","byte","437","13418065576215142340","18105480628010576380","9647434968618746780","62722","2594621173263486549","9","41170981172844464198","64198"
"105","byte","438","9647434968618746780","13418065576215142340","5749962596943939758","97517","2005767886992628706","1","28815463141777829709","29709"
"110","byte","439","5749962596943939758","9647434968618746780","3279951820698882828","82893","15131110947361746928","6","18677349386261570615","70615"
"100","byte","440","3279951820698882828","5749962596943939758","17470648531011205105","146","12948908260582061837","4","26500562948654028471","28471"
"116","byte","441","17470648531011205105","3279951820698882828","10373788288425142959","82036","7801166940376290070","1","31124388640135229541","29541"
"114","byte","442","10373788288425142959","17470648531011205105","2150912189650129990","42501","1279128694179162169","9","29995349009086479392","79392"
"101","byte","443","2150912189650129990","10373788288425142959","8108161847349746568","39662","9506793720160954939","9","20632862325425018777","18777"
"101","byte","444","8108161847349746568","2150912189650129990","17939912866861355211","39662","17199954532937426421","9","28198986903861232562","32562"
"32","byte","445","17939912866861355211","8108161847349746568","7604104782130204587","71687","7403959614448495711","7","33652179496341306708","6708"
"40","byte","446","7604104782130204587","17939912866861355211","12939161238194235716","14794","17847849692156531442","1","38483178887185794909","94909"
"108","byte","447","12939161238194235716","7604104782130204587","13885137579766273371","38376","3289416831271884863","9","34428403600090714421","14421"
"116","byte","448","13885137579766273371","12939161238194235716","13929082308381605134","82036","6811292799370949052","9","40753381126342112855","12855"
"105","byte","449","13929082308381605134","13885137579766273371","13679180156944498309","97517","6879656582130066800","2","41493400045092375616","75616"
"109","byte","450","13679180156944498309","13929082308381605134","9439540078481866005","62722","2585431610080964372","9","37047802543807968791","68791"
"105","byte","451","9439540078481866005","13679180156944498309","2963416843134033161","97517","2074050604513387883","4","26082137078560396245","96245"
"110","byte","452","2963416843134033161","9439540078481866005","5122630688297502190","82893","13193104147637533271","6","17525587609913400104","104"
"100","byte","453","5122630688297502190","2963416843134033161","10576514769605229263","146","15645580701871153647","1","18662562301036763295","63295"
"116","byte","454","10576514769605229263","5122630688297502190","9512985167451380781","82036","932295271293574696","3","25212130625354113478","13478"
"114","byte","455","9512985167451380781","10576514769605229263","12606922605338952180","42501","1888011148389457595","5","32696422542395561533","61533"
"101","byte","456","12606922605338952180","9512985167451380781","14174313121609718641","39662","3513846652522266505","2","36294220894400052319","52319"
"101","byte","457","14174313121609718641","12606922605338952180","3582216946364447137","39662","6521844574249051404","4","30363452673313118682","18682"
"41","byte","458","3582216946364447137","14174313121609718641","11899791459509097849","55403","12646651926695462233","7","29656321527483264066","64066"
"44","byte","459","11899791459509097849","3582216946364447137","10657452047604356074","55500","4257015391430699302","3","26139460453477901318","1318"
"108","byte","460","10657452047604356074","11899791459509097849","3812532885076951557","38376","995745847266599569","1","26369776392190406172","6172"
"116","byte","461","3812532885076951557","10657452047604356074","13019276418275467933","82036","12312753200876807906","7","27489261350956776945","76945"
"105","byte","462","13019276418275467933","3812532885076951557","13766340378907090057","97517","3069972070344096483","8","30598149682259510866","10866"
"109","byte","463","13766340378907090057","13019276418275467933","12168583744420982634","62722","2394969534790044952","6","38954200541603539730","39730"
"44","byte","464","12168583744420982634","13766340378907090057","6482911984918256020","55500","3956420832198431541","5","32417836108246327936","27936"
"110","byte","465","6482911984918256020","12168583744420982634","7236953867692805217","82893","14393671136749944522","2","25888449597032044666","44666"
"115","byte","466","7236953867692805217","6482911984918256020","4238007758156923372","105742","18039637293825259004","3","17957873610767983754","83754"
"101","byte","467","4238007758156923372","7236953867692805217","9214906065732935620","39662","11882488283884158865","3","20689867691582664953","64953"
"47","byte","468","9214906065732935620","4238007758156923372","12242646221913450877","27652","16273358710644447059","8","25695560045803309126","9126"
"98","byte","469","12242646221913450877","9214906065732935620","11348517027938525887","68111","4022247071691868129","4","32806069315584912606","12606"
"115","byte","470","11348517027938525887","12242646221913450877","6857054727443905331","105742","236845410463292194","7","30448217977295883396","83396"
"101","byte","471","6857054727443905331","11348517027938525887","8096281729866057854","39662","13915664664656610638","2","26301853485248489902","89902"
"44","byte","472","8096281729866057854","6857054727443905331","3266734638800985179","55500","17180314413779678241","7","18220071096110949117","49117"
"98","byte","473","3266734638800985179","8096281729866057854","8545930812275111797","68111","12926101009159893703","1","19908947180942155620","55620"
"101","byte","474","8545930812275111797","3266734638800985179","7132288758802939454","39662","16766417021327362312","2","18944954209879035085","35085"
"110","byte","475","7132288758802939454","8545930812275111797","99718836282479389","82893","18216360580867479904","9","15777938407360529933","29933"
"103","byte","476","99718836282479389","7132288758802939454","14604493113026135315","147903","11481149318308066865","1","21836500708111554969","54969"
"97","byte","477","14604493113026135315","99718836282479389","6317015834256392645","57225","6096445229391379977","9","21021227783565007643","7643"
"108","byte","478","6317015834256392645","14604493113026135315","2785555008438330870","38376","14528038280318431422","8","23707063955720859478","59478"
"117","byte","479","2785555008438330870","6317015834256392645","13886959522818808512","95385","13303420255733020156","1","22989530365513530615","30615"
"114","byte","480","13886959522818808512","2785555008438330870","766195802109404088","42501","6813697357542922326","9","17438710333366544732","44732"
"117","byte","481","766195802109404088","13886959522818808512","4230148172301996275","95385","10706581047944508338","4","18883303497230209509","9509"
"44","byte","482","4230148172301996275","766195802109404088","12144696489006684802","55500","11854592288512191660","1","17141040463418085924","85924"
"104","byte","483","12144696489006684802","4230148172301996275","13275384221903693904","135059","3944547055999070594","7","29650228883212376364","76364"
"116","byte","484","13275384221903693904","12144696489006684802","1700947452276232445","82036","2741806122924379319","9","27121028163186612563","12563"
"116","byte","485","1700947452276232445","13275384221903693904","1283431081345916909","82036","9920729639012463642","5","16259762755525844407","44407"
"112","byte","486","1283431081345916909","1700947452276232445","5605253610207198138","77632","10374270980122399806","9","8589632143829346116","46116"
"115","byte","487","5605253610207198138","1283431081345916909","6261303356337099978","105742","15275829284177297959","5","13149988047890215807","15807"
"58","byte","488","6261303356337099978","5605253610207198138","6850781228595020751","44588","14471164581490581109","6","18717338195139319682","19682"
"47","byte","489","6850781228595020751","6261303356337099978","16207860744706253325","27652","13917711108166781784","6","29319945329638373306","73306"
"47","byte","490","16207860744706253325","6850781228595020751","6601566054606549991","27652","9140788543355415194","6","29660208027907823834","23834"
"101","byte","491","6601566054606549991","16207860744706253325","4657302446969862362","39662","14243197737385676186","1","27466729246282666392","66392"
"110","byte","492","4657302446969862362","6601566054606549991","15626434893437724193","82893","16038855798740295556","2","26885303395014137752","37752"
"46","byte","493","15626434893437724193","4657302446969862362","17319365644511946243","41907","5110255199093465345","1","37603102984919532522","32522"
"119","byte","494","17319365644511946243","15626434893437724193","889488331177785593","80918","7957234867046612614","5","33835288869127455430","55430"
"105","byte","495","889488331177785593","17319365644511946243","2788929654396192227","97517","10551759473261797511","7","20997783630085925229","25229"
"107","byte","496","2788929654396192227","889488331177785593","12525327103042266445","100228","13295537629320537844","2","16203745088616242872","42872"
"105","byte","497","12525327103042266445","2788929654396192227","12839285812107693257","97517","3739570000101457203","3","28153542569546150777","50777"
"112","byte","498","12839285812107693257","12525327103042266445","10139348127798284084","77632","3177632390605113114","6","35503961042948242982","42982"
"101","byte","499","10139348127798284084","12839285812107693257","15640547806422359168","39662","1333429289267016009","4","38619181746328335285","35285"
"100","byte","500","15640547806422359168","10139348127798284084","6037731132732898795","146","5132162823949105281","1","31817627066953541367","41367"
"105","byte","501","6037731132732898795","15640547806422359168","13373570459830690945","97517","14843070252417115541","8","35051849398985947504","47504"
"97","byte","502","13373570459830690945","6037731132732898795","14095284244083355168","57225","2859520520703647643","4","33506585836646945745","45745"
"46","byte","503","14095284244083355168","13373570459830690945","5845160075269705797","41907","6749765468113561856","3","33314014779183751646","51646"
"111","byte","504","5845160075269705797","14095284244083355168","224357301041234267","23458","14927558818576805748","6","20164801620394296491","96491"
"114","byte","505","224357301041234267","5845160075269705797","1781682617236639671","42501","11324981309688562637","5","7851199993547580634","80634"
"103","byte","506","1781682617236639671","224357301041234267","1201975707818218581","147903","9695888670491208347","8","3208015626096091264","91264"
"47","byte","507","1201975707818218581","1781682617236639671","4487401740447517479","27652","10275313503595879618","5","7471060065502376521","76521"
"119","byte","508","4487401740447517479","1201975707818218581","18048817342504411163","80918","11561036711956534178","8","23738194790770148098","48098"
"105","byte","509","18048817342504411163","4487401740447517479","4721438630386577639","97517","7227501174492215397","8","27257657713338507685","7685"
"107","byte","510","4721438630386577639","18048817342504411163","16055731462950903124","100228","16119107447830369264","8","38825987435841893047","93047"
"105","byte","511","16055731462950903124","4721438630386577639","6750397924464530879","97517","4676446203837498666","2","27527568017802010498","10498"
"47","byte","512","6750397924464530879","16055731462950903124","2459637794998678050","27652","14094369750229720360","3","25265767182414112370","12370"
"109","byte","513","2459637794998678050","6750397924464530879","8056561807839810765","62722","13552767462340944819","6","17266597527303021092","21092"
"105","byte","514","8056561807839810765","2459637794998678050","1432317445531503249","97517","17436198321731030195","3","11948517048369991187","91187"
"110","byte","515","1432317445531503249","8056561807839810765","8043911009088491675","82893","10220889228238990799","3","17532790262459807078","7078"
"100","byte","516","8043911009088491675","1432317445531503249","5473641334813031552","146","17408329870883206298","3","14949869789433027854","27854"
"116","byte","517","5473641334813031552","8043911009088491675","10305269279363741296","82036","15402660861645281383","8","23822821623265263664","63664"
"114","byte","518","10305269279363741296","5473641334813031552","18110867743592562776","42501","1239847202428187878","2","33889778357769334972","34972"
"101","byte","519","18110867743592562776","10305269279363741296","5218575577483279708","39662","7305335543270653477","5","33634712600439585016","85016"
"101","byte","520","5218575577483279708","18110867743592562776","16320362655723245389","39662","15446048678916227873","9","39649805976799086542","86542"
"32","byte","521","16320362655723245389","5218575577483279708","13444124932388550952","71687","8956229076917826521","2","34983063165595075327","75327"
"98","byte","522","13444124932388550952","16320362655723245389","10867379663720252477","68111","2640334083605043124","5","40631867251832049151","49151"
"104","byte","523","10867379663720252477","13444124932388550952","7323912219616509037","135059","641703026000129853","3","31635416815725311813","11813"
"97","byte","524","7323912219616509037","10867379663720252477","8084174844313366479","57225","18128319894179071863","2","26275466727650128708","28708"
"114","byte","525","8084174844313366479","7323912219616509037","5360757070285584690","42501","17151883903252999513","5","20768844134215458805","58805"
"97","byte","526","5360757070285584690","8084174844313366479","14317121295972197793","57225","15299367430629851688","9","27762053210571149279","49279"
"116","byte","527","14317121295972197793","5360757070285584690","5712598660769007358","82036","6379305234896732486","8","25390477027026788416","88416"
"32","byte","528","5712598660769007358","14317121295972197793","17027343683667697775","71687","15091636630175955562","8","37057063640408902609","2609"
"101","byte","529","17027343683667697775","5712598660769007358","780896310625681033","39662","8248975370220068370","5","23520838655062387354","87354"
"108","byte","530","780896310625681033","17027343683667697775","10577739884344270488","38376","10727913751617425394","4","28385979878637648444","48444"
"101","byte","531","10577739884344270488","780896310625681033","494215431459942831","39662","935860148918722789","7","11852851626429893664","93664"
"99","byte","532","494215431459942831","10577739884344270488","4292207946445926377","3157","11019384597372590441","9","15364163262250139975","39975"
"116","byte","533","4292207946445926377","494215431459942831","15888030995329871688","82036","11936656515788016398","3","20674454373235739477","39477"
"114","byte","534","15888030995329871688","4292207946445926377","1316337323229568556","42501","4776869749586832862","2","21496576265005365505","65505"
"111","byte","535","1316337323229568556","15888030995329871688","5861896994835775901","23458","10120688334977884445","4","23066265313395215499","15499"
"110","byte","536","5861896994835775901","1316337323229568556","12398147468509420391","82893","14947128284140725955","8","19576381786574765488","65488"
"105","byte","537","12398147468509420391","5861896994835775901","12804346785024135633","97517","3618757570234188569","1","31064391248369332797","32797"
"99","byte","538","12804346785024135633","12398147468509420391","6549706708956754574","3157","3424235686838483223","7","31752200962490310807","10807"
"115","byte","539","6549706708956754574","12804346785024135633","5970707898936115632","105742","14182470974915595027","2","25324761392917007041","7041"
"32","byte","540","5970707898936115632","6549706708956754574","9146920544382364200","71687","14765982159332687140","1","21667335152275234737","34737"
"108","byte","541","9146920544382364200","5970707898936115632","15517374781290949470","38376","16196943707823594323","8","30635003224609430767","30767"
"105","byte","542","15517374781290949470","9146920544382364200","15349042420514307097","97517","5291645584242160416","8","40013337746187621682","21682"
"109","byte","543","15349042420514307097","15517374781290949470","484667057748039250","62722","5419441665722854792","1","31351084259553295227","95227"
"105","byte","544","484667057748039250","15349042420514307097","9505160500290488320","97517","10992894879745232428","5","25338869978552834044","34044"
"116","byte","545","9505160500290488320","484667057748039250","5097220157054619726","82036","2152268328203889895","3","15087047715093148769","48769"
"101","byte","546","5097220157054619726","9505160500290488320","10656958802808077515","39662","15603722579020181043","3","25259339460153186956","86956"
"100","byte","547","10656958802808077515","5097220157054619726","2232658428898233204","146","995970789726787786","6","17986837388760929552","29552"
"44","byte","548","2232658428898233204","10656958802808077515","12915828190658992621","55500","9280941067476170539","9","25805445422365302497","2497"
"98","byte","549","12915828190658992621","2232658428898233204","14697894886981184805","68111","3245200836547442545","5","29846381506538410804","10804"
"101","byte","550","14697894886981184805","12915828190658992621","17744576450713308073","39662","6182897203872125784","4","45358299528353484366","84366"
"108","byte","551","17744576450713308073","14697894886981184805","15265489978817927938","38376","7527238999111613138","3","47707961316512421539","21539"
"44","byte","552","15265489978817927938","17744576450713308073","17930506398916173860","55500","5615588478984185693","9","50940572828447409200","9200"
"110","byte","553","17930506398916173860","15265489978817927938","13905207582079021779","82893","7413643142183602042","3","47101203959813125004","25004"
"115","byte","554","13905207582079021779","17930506398916173860","8987726241345633431","105742","6831469316282288974","2","40823440222340830159","30159"
"101","byte","555","8987726241345633431","13905207582079021779","266264055309059652","39662","16324889890267333354","3","23159197878733713944","13944"
"47","byte","556","266264055309059652","8987726241345633431","302167280384210481","27652","11350913868671274707","5","9556157577038903293","3293"
"98","byte","557","302167280384210481","266264055309059652","2216682667318388366","68111","11098833429072615597","2","2785114003011658273","58273"
"115","byte","558","2216682667318388366","302167280384210481","10436426712565716131","105742","9292127373586652947","1","12955276660268314143","14143"
"101","byte","559","10436426712565716131","2216682667318388366","12638618618063163000","39662","1072660959341079262","7","25291727997947266623","66623"
"44","byte","560","12638618618063163000","10436426712565716131","14070575225338761524","55500","3553935022423650855","3","37145620555967640296","40296"
"98","byte","561","14070575225338761524","12638618618063163000","6733888772038688896","68111","6733937142400286632","2","33443082615440613808","13808"
"101","byte","562","6733888772038688896","14070575225338761524","17752732876743909388","39662","14070632340379762429","6","38557196874121360991","60991"
"110","byte","563","17752732876743909388","6733888772038688896","15378948738937504084","82893","7523572995887269714","1","39865570387720103781","3781"
"103","byte","564","15378948738937504084","17752732876743909388","11320411933807452109","147903","5429786290313749624","1","44452093549488866496","66496"
"97","byte","565","11320411933807452109","15378948738937504084","1701047192931497263","57225","228934905962112215","7","28400407865676452562","52562"
"108","byte","566","1701047192931497263","11320411933807452109","14862706991701770390","38376","9920353358235665492","8","27884166118440718642","18642"
"117","byte","567","14862706991701770390","1701047192931497263","1904134306456518882","95385","5797690703341179036","6","18467888491089787739","87739"
"114","byte","568","1904134306456518882","14862706991701770390","5275377061486190916","42501","9537394384581100148","6","22042218359644481282","81282"
"117","byte","569","5275377061486190916","1904134306456518882","13212076527116139997","95385","15493120240360485198","7","20391587895058850661","50661"
"44","byte","570","13212076527116139997","5275377061486190916","118077030763490914","55500","2985253374560436610","1","18605530619365822038","22038"
"104","byte","571","118077030763490914","13212076527116139997","3697217129346318367","135059","11498824366065714530","4","17027370687225948573","48573"
"116","byte","572","3697217129346318367","118077030763490914","13044477795556277573","82036","12499845058563826936","2","16859771955666088300","88300"
"116","byte","573","13044477795556277573","3697217129346318367","10376565569750715645","82036","3112043178156038562","3","27118260494653310390","10390"
"112","byte","574","10376565569750715645","13044477795556277573","218266797827688973","77632","1024444472823187246","3","23639310163134681239","81239"
"115","byte","575","218266797827688973","10376565569750715645","9471100992759660854","105742","11326563810958766992","3","20065933360338066956","66956"
"58","byte","576","9471100992759660854","218266797827688973","7873322115840253847","44588","2109766642052418441","4","17562689906427604065","4065"
"47","byte","577","7873322115840253847","9471100992759660854","13289502633766492201","27652","17542876274751084288","9","30633925742366406002","6002"
"47","byte","578","13289502633766492201","7873322115840253847","8492526925077590115","27652","2763720906135769278","7","29655351674684337066","37066"
"101","byte","579","8492526925077590115","13289502633766492201","15601797325204448012","39662","17000241450979184158","4","37383826884048531714","31714"
"110","byte","580","15601797325204448012","8492526925077590115","6300347680104841160","82893","5094628599935288402","5","30394671930386880205","80205"
"46","byte","581","6300347680104841160","15601797325204448012","13050306969022244564","41907","14508396145242945768","8","34952451974331532846","32846"
"119","byte","582","13050306969022244564","6300347680104841160","7232540670224587542","80918","3110712673556725329","6","26583195319351671731","71731"
"105","byte","583","7232540670224587542","13050306969022244564","17116937847244969221","97517","18043773968292791144","1","37399785486491802267","2267"
"107","byte","584","17116937847244969221","7232540670224587542","16236852211240722505","100228","8339802229873718802","7","40586330728710278223","78223"
"105","byte","585","16236852211240722505","17116937847244969221","12147272353629610632","97517","9179350572965165111","7","45501062412115303710","3710"
"112","byte","586","12147272353629610632","16236852211240722505","13895780089097283424","77632","3937481301402806619","7","42279904653967617783","17783"
"101","byte","587","13895780089097283424","12147272353629610632","8079594082315055907","39662","6836679632533199133","6","34122646525041948803","48803"
"100","byte","588","8079594082315055907","13895780089097283424","10688772455328865862","146","17156187609940023074","8","32664146626741206067","6067"
"105","byte","589","10688772455328865862","8079594082315055907","11898480342897573840","97517","747980528414246456","2","30666846880541494927","94927"
"97","byte","590","11898480342897573840","10688772455328865862","11059754526842118279","57225","4262830142116988106","1","33647007325068557082","57082"
"46","byte","591","11059754526842118279","11898480342897573840","2484196374635867221","41907","525616707602327463","8","25442431244375559982","59982"
"111","byte","592","2484196374635867221","11059754526842118279","13453360646215624860","23458","13569023286914962276","9","26997311547693609659","9659"
"114","byte","593","13453360646215624860","2484196374635867221","18345286128513715084","42501","2631379281968507402","6","34282843149365208356","8356"
"103","byte","594","18345286128513715084","13453360646215624860","2588725612410363092","147903","6962834611145158304","8","34387372387139703757","3757"
"47","byte","595","2588725612410363092","18345286128513715084","17085401290510386745","27652","13680380425652982851","2","38019413031434465545","65545"
"119","byte","596","17085401290510386745","2588725612410363092","9773202606562318956","80918","8299272418086362812","6","29447329509483067256","67256"
"105","byte","597","9773202606562318956","17085401290510386745","14605468725967796957","97517","1843689976981651986","3","41464072623040503968","3968"
"107","byte","598","14605468725967796957","9773202606562318956","731623583358061323","100228","6090685104534116810","8","25110294915888178333","78333"
"105","byte","599","731623583358061323","14605468725967796957","8946094391733482128","97517","10669105018461623157","8","24283186701059341402","41402"
"47","byte","600","8946094391733482128","731623583358061323","5935999639589702797","27652","16289960524728859143","3","15613717614681245861","45861"
"98","byte","601","5935999639589702797","8946094391733482128","14211542735784741817","68111","14724397492824056337","7","29093636767107927408","27408"
"104","byte","602","14211542735784741817","5935999639589702797","16187589471396777551","135059","6561449348134592697","2","36335131846771222837","22837"
"97","byte","603","16187589471396777551","14211542735784741817","17187324423852364402","57225","9120536237672363349","9","47586456631033883666","83666"
"114","byte","604","17187324423852364402","16187589471396777551","17920155927686024477","42501","8120796315806290148","5","51295069822935167752","67752"
"97","byte","605","17920155927686024477","17187324423852364402","4435432864723244867","57225","7387688336471012871","8","39542913216261634156","34156"
"116","byte","606","4435432864723244867","17920155927686024477","16706176219456065475","82036","11797930232166167460","2","39061765011865333663","33663"
"95","byte","607","16706176219456065475","4435432864723244867","5050072648150117704","37238","8786306798835808806","8","26191681732329427186","27186"
"101","byte","608","5050072648150117704","16706176219456065475","5248999860451067224","39662","15574027951873561397","5","27005248728057249184","49184"
"108","byte","609","5248999860451067224","5050072648150117704","1935148669926710911","38376","15487676986491024419","7","12234221178527895324","95324"
"101","byte","610","1935148669926710911","5248999860451067224","13854900123229575307","39662","9578169935453216770","7","21039048653607352725","52725"
"99","byte","611","13854900123229575307","1935148669926710911","7714689128147357903","3157","6805229273802158157","1","23504737921303644801","44801"
"116","byte","612","7714689128147357903","13854900123229575307","11231126870436968739","82036","17665208297508680744","8","32800716121813903483","3483"
"114","byte","613","11231126870436968739","7714689128147357903","10063047186370344559","42501","426579567549725621","2","29008863184954672144","72144"
"111","byte","614","10063047186370344559","11231126870436968739","4596620232806893831","23458","1553840419435907422","4","25890794289614206434","6434"
"110","byte","615","4596620232806893831","10063047186370344559","11456419605970203176","82893","11672485835324862041","1","26116087025147442543","42543"
"105","byte","616","11456419605970203176","4596620232806893831","15415737257522384576","97517","56885809570622038","9","31468777096299483032","83032"
"99","byte","617","15415737257522384576","11456419605970203176","4298126747224097005","3157","5465341234505065990","7","31170283610716684437","84437"
"115","byte","618","4298126747224097005","15415737257522384576","0","105742","11930451270772078960","5","19713864004746483118","83118"
