"c","char","0","13345704679051884329","0","12491137745023758426","23172","2810824558098893345","2","25836842424075642793","42793"
"o","char","1","12491137745023758426","13345704679051884329","11241067680105480545","112839","3705923871607926545","6","37077910104181123256","23256"
"m","char","2","11241067680105480545","12491137745023758426","10346296083901819438","105645","159652138576788032","7","34078501509031058334","58334"
"p","char","3","10346296083901819438","11241067680105480545","14218615244020245283","22104","1270600867702610938","6","35805979008027545306","45306"
"a","char","4","14218615244020245283","10346296083901819438","4432613347753158360","83890","6585901487472558877","7","28997524675675223115","23115"
"n","char","5","4432613347753158360","14218615244020245283","5185934958591010695","54699","11796255512465233151","8","23837163550364414284","14284"
"y","char","6","5185934958591010695","4432613347753158360","17851984775423820008","80982","15694866473738550365","7","27470533081767988929","88929"
",","char","7","17851984775423820008","5185934958591010695","13315852967295074547","138105","7604754756306205725","3","36353772701309905238","5238"
"t","char","8","13315852967295074547","17851984775423820008","13391065527999563900","4129","2809137861162317662","2","44558903270718458353","58353"
"i","char","9","13391065527999563900","13315852967295074547","16396746285500280756","129732","2873831609545332020","9","43103664780794919080","19080"
"c","char","10","16396746285500280756","13391065527999563900","6420343329275338335","23172","9059985047123989180","6","36208155142775183009","83009"
"k","char","11","6420343329275338335","16396746285500280756","3465212659290377666","118105","14352652624348378250","1","26282302274065996701","96701"
"e","char","12","3465212659290377666","6420343329275338335","11708402123795810570","54385","12547469692096364095","8","21593958112361526559","26559"
"r","char","13","11708402123795810570","3465212659290377666","13307856668725154542","30714","4344812607053977980","2","28481471451811342900","42900"
",","char","14","13307856668725154542","11708402123795810570","6632198318816930536","138105","2781105366991728155","7","31648457111337895623","95623"
"e","char","15","6632198318816930536","13307856668725154542","12601079612324660257","54385","13996400950262241557","9","32541134599866745250","45250"
"x","char","16","12601079612324660257","6632198318816930536","2412282761014731297","64652","3519420849279852321","1","21645560692156322232","22232"
"c","char","17","2412282761014731297","12601079612324660257","9276864308276659985","23172","13784779426832899881","1","24290226681616051596","51596"
"h","char","18","9276864308276659985","2412282761014731297","8225382931107167281","95920","2200416708353300013","8","19914530000398558693","58693"
"a","char","19","8225382931107167281","9276864308276659985","4243701315274415646","83890","17010403154821979151","9","21745948554658242935","42935"
"n","char","20","4243701315274415646","8225382931107167281","5487646270958681029","54699","11877081171079244857","4","17956730517340264077","64077"
"g","char","21","5487646270958681029","4243701315274415646","1574729249180294268","98611","15140944219211619706","9","11306076835413390812","90812"
"e","char","22","1574729249180294268","5487646270958681029","5361068965563493012","54385","10082985972089859969","4","12423444485702468439","68439"
",","char","23","5361068965563493012","1574729249180294268","13237692258496014708","138105","15299060435843421793","4","20173490473239802056","2056"
"h","char","24","13237692258496014708","5361068965563493012","12844717611791855212","95920","2991167784167995464","3","31443478835851363070","63070"
"q","char","25","12844717611791855212","13237692258496014708","9006402018468554253","127140","3203997930364549444","3","35088811888756424321","24321"
" ","char","26","9006402018468554253","12844717611791855212","8776368910958122172","127598","16341965816101762031","2","30627488541218531680","31680"
"c","char","27","8776368910958122172","9006402018468554253","14437439785754037288","23172","16716399465020058036","4","32220210715180713588","13588"
"i","char","28","14437439785754037288","8776368910958122172","14189612253362204795","129732","6227193262525223264","4","37403420950074364383","64383"
"t","char","29","14189612253362204795","14437439785754037288","9189432258692162812","4129","6547346085661067222","7","37816484297808405012","5012"
"y","char","30","9189432258692162812","14189612253362204795","7083002113606830915","80982","16262518367324995366","8","30462046625661198370","98370"
",","char","31","7083002113606830915","9189432258692162812","11643759558826181668","138105","18193585216756791222","5","27916193931125175337","75337"
"s","char","32","11643759558826181668","7083002113606830915","17361062341081731729","135347","4585095540335489819","9","36087824013514744454","44454"
"o","char","33","17361062341081731729","11643759558826181668","13280482419077918006","112839","7987586448786148826","7","42285304318985831265","31265"
"u","char","34","13280482419077918006","17361062341081731729","15578947545995817210","5150","2772732878733958820","6","46220492306155467065","67065"
"r","char","35","15578947545995817210","13280482419077918006","6853460759689532149","30714","5045425737269125260","9","35712890724763267217","67217"
"c","char","36","6853460759689532149","15578947545995817210","5407102314482751198","23172","13919249338080276477","4","27839510620168100439","439"
"e","char","37","5407102314482751198","6853460759689532149","936613043020321183","54385","15365889752204010787","4","13197176117192604387","4387"
" ","char","38","936613043020321183","5407102314482751198","10885149685812960868","127598","10576982042354828413","2","17228865043316033308","33308"
"i","char","39","10885149685812960868","936613043020321183","7985362032701202116","129732","664466001803576108","1","19807124761534484322","84322"
"n","char","40","7985362032701202116","10885149685812960868","2071936526259751111","54699","17358788092438342883","9","20942448244773913988","13988"
"f","char","41","2071936526259751111","7985362032701202116","16006838102603995730","106548","9437159920195030911","9","26064136661564948840","48840"
"o","char","42","16006838102603995730","2071936526259751111","10137829424956359922","112839","4617543989652473113","7","28216604053820106924","6924"
"s","char","43","10137829424956359922","16006838102603995730","14060095699163886553","135347","1335237709057799117","5","40204763226724242046","42046"
"y","char","44","14060095699163886553","10137829424956359922","3945465455381268898","80982","6712623156055140355","9","28143390579501515273","15273"
"s","char","45","3945465455381268898","14060095699163886553","17605031699679257311","135347","12175026755601514141","8","35610592854224412601","12601"
" ","char","46","17605031699679257311","3945465455381268898","7593054292931052947","127598","7667055896530794301","3","29143551447991579079","79079"
"l","char","47","7593054292931052947","17605031699679257311","9852699908155938492","87186","17827652090969470605","8","35050785900766248616","48616"
"i","char","48","9852699908155938492","7593054292931052947","17635427522016303675","129732","1624862561969310708","9","35081181723103294958","94958"
"m","char","49","17635427522016303675","9852699908155938492","18399571813302052445","105645","7677201799509713178","1","45887699243474294706","94706"
"i","char","50","18399571813302052445","17635427522016303675","4340033404062217915","129732","7020848680383494933","1","40375032739380574191","74191"
"t","char","51","4340033404062217915","18399571813302052445","18270590146316978862","4129","11677161875624771862","9","41010195363681249053","49053"
"e","char","52","18270590146316978862","4340033404062217915","4011563373400967597","54385","7185868511738820947","9","26622186923780164250","64250"
"d","char","53","4011563373400967597","18270590146316978862","3265407626800171713","56064","12221808532402009377","5","25547561146518118051","18051"
",","char","54","3265407626800171713","4011563373400967597","1926654703793283091","138105","12927150995781383732","8","9203625703994422372","22372"
"i","char","55","1926654703793283091","3265407626800171713","17732404654885549796","129732","9550907238060309851","3","22924466985479004767","4767"
"n","char","56","17732404654885549796","1926654703793283091","6182148104414341018","54699","7503368254104339651","6","25841207463093173750","73750"
"f","char","57","6182148104414341018","17732404654885549796","7287453533019469735","106548","14698657691606278178","2","31202006292319360456","60456"
"y","char","58","7287453533019469735","6182148104414341018","8728545140076847798","80982","18092443879830006909","7","22198146777510658413","58413"
",","char","59","8728545140076847798","7287453533019469735","6773679662220672246","138105","16651351770236214851","4","22789678335316989807","89807"
"n","char","60","6773679662220672246","8728545140076847798","5777377293547330539","54699","13850689240188440273","4","21279602095844850408","50408"
"s","char","61","5777377293547330539","6773679662220672246","11828076586007677527","135347","14851226360700579028","9","24379133541775680167","80167"
"e","char","62","11828076586007677527","5777377293547330539","10559373153178703568","54385","4184615111222950314","4","28164827032733711802","11802"
"/","char","63","10559373153178703568","11828076586007677527","10697054218819797289","49688","917912261492208452","6","33084503958006178367","78367"
"b","char","64","10697054218819797289","10559373153178703568","12006455878958773209","30816","739975292031016645","9","33262883250957274166","74166"
"s","char","65","12006455878958773209","10697054218819797289","14869251167927583026","135347","4082787644628960486","7","37572761265706153419","53419"
"e","char","66","14869251167927583026","12006455878958773209","12023322069952349429","54385","5795368084909617871","7","38899029116838705774","5774"
",","char","67","12023322069952349429","14869251167927583026","18346181007797421904","138105","4101673156539955200","9","45238754245677354269","54269"
"b","char","68","18346181007797421904","12023322069952349429","4274150299866014294","30816","6966439521915934908","8","34643653377615785797","85797"
"e","char","69","4274150299866014294","18346181007797421904","15652081960832009289","54385","11918684828421329323","8","38272413268495445632","45632"
"n","char","70","15652081960832009289","4274150299866014294","3640516924639848562","54699","5116128913889146478","7","23566749185337872316","72316"
"g","char","71","3640516924639848562","15652081960832009289","11849327096786094586","98611","12444236747509944013","2","31141925982257952520","52520"
"a","char","72","11849327096786094586","3640516924639848562","11770672133568148771","83890","4199111389920602564","4","27260516154994091751","91751"
"l","char","73","11770672133568148771","11849327096786094586","14279245262201799472","87186","4426662711697475133","7","37899244492556042949","42949"
"u","char","74","14279245262201799472","11770672133568148771","18325390104035268513","5150","6349345743373447330","4","44375307499805216952","16952"
"r","char","75","18325390104035268513","14279245262201799472","6183472220950998562","30714","6946701873032660951","5","38788107587188066489","66489"
"u","char","76","6183472220950998562","18325390104035268513","2069902190069073731","5150","14692820612415872432","7","26578764515055341004","41004"
",","char","77","2069902190069073731","6183472220950998562","3081996206741802824","138105","9407664111179578294","1","11335370617761875109","75109"
"h","char","78","3081996206741802824","2069902190069073731","8188014556524520320","95920","13038495424420601460","4","13339912953335397051","97051"
"t","char","79","8188014556524520320","3081996206741802824","10402510099187305051","4129","17264217540164015149","1","21672520862453628138","28138"
"t","char","80","10402510099187305051","8188014556524520320","6250746536992172422","4129","1038742081777139190","9","24841271192703997859","97859"
"p","char","81","6250746536992172422","10402510099187305051","13952677532050554275","22104","14449910880185604178","2","30605934168230031694","31694"
"s","char","82","13952677532050554275","6250746536992172422","3485417409083899966","135347","6887877342306110108","9","23688841478126626601","26601"
":","char","83","3485417409083899966","13952677532050554275","2171477981178611930","103671","12567797321775280965","1","19609572922313066289","66289"
"/","char","84","2171477981178611930","3485417409083899966","4763361941190185525","49688","9229522711181094222","4","10420257331452697293","97293"
"/","char","85","4763361941190185525","2171477981178611930","15358784614428834856","49688","15865519356925523873","2","22293624536797632436","32436"
"e","char","86","15358784614428834856","4763361941190185525","14816504138230111608","54385","5409426247403261909","6","34938650693849132183","32183"
"n","char","87","14816504138230111608","15358784614428834856","7246853109492682883","54699","6028549387950174047","4","37422141862151629407","29407"
".","char","88","7246853109492682883","14816504138230111608","14983723504613233497","1908","18061272032574009467","1","37047080752336027863","27863"
"w","char","89","14983723504613233497","7246853109492682883","15303314581618535839","9453","5892846427161022520","2","37533891195724452274","52274"
"i","char","90","15303314581618535839","14983723504613233497","7394071539612137757","129732","5356805469636800727","7","37681109625843907017","7017"
"k","char","91","7394071539612137757","15303314581618535839","501174640739691525","118105","17918271895993947080","6","23198560761970365305","65305"
"i","char","92","501174640739691525","7394071539612137757","15482509581621129944","129732","11007921290308399437","6","23377755761972959424","59424"
"p","char","93","15482509581621129944","501174640739691525","2370202844165948694","22104","5254458137618662156","8","18353887066526769961","69961"
"e","char","94","2370202844165948694","15482509581621129944","18010941968698449100","54385","13750579642179745515","2","35863654394485527940","27940"
"d","char","95","18010941968698449100","2370202844165948694","2964938279284470306","56064","7477314526963474496","4","23346083092148867901","67901"
"i","char","96","2964938279284470306","18010941968698449100","16188068364582769741","129732","13191863675410902890","4","37163948612565689355","89355"
"a","char","97","16188068364582769741","2964938279284470306","1383752521552703762","83890","9120048531145028723","5","20536759165419943870","43870"
".","char","98","1383752521552703762","16188068364582769741","18428515038043064814","1908","10161081935443349994","3","36000335924178538430","38430"
"o","char","99","18428515038043064814","1383752521552703762","15932640436016547617","112839","7027943568451671717","3","35744907995612316011","16011"
"r","char","100","15932640436016547617","18428515038043064814","2078303284110102565","30714","4840074059805398871","6","36439458758169715157","15157"
"g","char","101","2078303284110102565","15932640436016547617","446231059556174149","98611","9430788764292675226","6","18457174779682824536","24536"
"/","char","102","446231059556174149","2078303284110102565","797540699012938397","49688","10954493109917002961","4","3322075042679215251","15251"
"w","char","103","797540699012938397","446231059556174149","6319865377302165826","9453","10747302519711562236","3","7563637135871278337","78337"
"i","char","104","6319865377302165826","797540699012938397","10429097881815945272","129732","14520684553552077834","7","17546503958131049583","49583"
"k","char","105","10429097881815945272","6319865377302165826","4664725866480025448","118105","1048460194577824493","4","21413689125598136730","36730"
"i","char","106","4664725866480025448","10429097881815945272","11663008092259946565","129732","16035935965918896672","5","26756831840555917363","17363"
"/","char","107","11663008092259946565","4664725866480025448","9808514488819054152","49688","4606106720353498577","8","26136248447559026320","26320"
"i","char","108","9808514488819054152","11663008092259946565","11478821564739091238","129732","1596999187672034048","5","32950344145818092035","92035"
"n","char","109","11478821564739091238","9808514488819054152","1407584906990582784","54699","106836092552825089","6","22694920960548728336","28336"
"f","char","110","1407584906990582784","11478821564739091238","17077114902253901498","106548","10214100984679381944","9","29963521373983575740","75740"
"o","char","111","17077114902253901498","1407584906990582784","8348669575249958262","112839","8271248014589970929","6","26833369384494442454","42454"
"s","char","112","8348669575249958262","17077114902253901498","11000905342838553622","135347","17143821728104505929","7","36426689820342413412","13412"
"y","char","113","11000905342838553622","8348669575249958262","8298259703692153851","80982","476370725993703372","8","27647834621780665942","65942"
"s","char","114","8298259703692153851","11000905342838553622","13219020037906273227","135347","17086145187122390212","5","32518185084436980478","80478"
" ","char","115","13219020037906273227","8298259703692153851","2036010611661065851","127598","2973533636873225769","5","23553290353259492815","92815"
"w","char","116","2036010611661065851","13219020037906273227","5910308145321785381","9453","9400742384907160858","8","21165338794889124475","24475"
"i","char","117","5910308145321785381","2036010611661065851","5332766914481509223","129732","14714060739889407341","4","13279085671464360624","60624"
"p","char","118","5332766914481509223","5910308145321785381","3666247675824250728","22104","15291606364481544883","1","14909322735627545367","45367"
"r","char","119","3666247675824250728","5332766914481509223","7392548317558584991","30714","12454240154288066334","2","16391562907864344994","44994"
"o","char","120","7392548317558584991","3666247675824250728","16966982767791310842","112839","17915568075663894996","8","28025778761174146516","46516"
" ","char","121","16966982767791310842","7392548317558584991","13788357310555281519","127598","8449224968584663576","8","38147888395905177202","77202"
"l","char","122","13788357310555281519","16966982767791310842","10863820384467212312","87186","2408700479257308017","5","41619160462813804696","4696"
"i","char","123","10863820384467212312","13788357310555281519","4912861055405092810","129732","644985262630061392","2","29565038750427586864","86864"
"m","char","124","4912861055405092810","10863820384467212312","15742572428654664891","105645","15716019675780781291","1","31519253868526969848","69848"
"i","char","125","15742572428654664891","4912861055405092810","15135530808539707245","129732","4922332748747653619","2","35790964292599464835","64835"
"t","char","126","15135530808539707245","15742572428654664891","17429563341100993944","4129","5493068477735043264","9","48307666578295366124","66124"
"e","char","127","17429563341100993944","15135530808539707245","3314095552696681612","54385","8058424323973217893","4","35879189702337382764","82764"
"d","char","128","3314095552696681612","17429563341100993944","574274611978093314","56064","12955011017854334976","3","21317933505775768832","68832"
",","char","129","574274611978093314","3314095552696681612","12763869834369140311","138105","11083149839975890935","9","16652239999043915411","15411"
"w","char","130","12763869834369140311","574274611978093314","9138026789856332042","9453","3392659969717028150","2","22476171236203565749","65749"
"i","char","131","9138026789856332042","12763869834369140311","5561514888571515880","129732","16206118915786298434","2","27463411512796988476","88476"
"p","char","132","5561514888571515880","9138026789856332042","8261302551470873356","22104","15211191322231423548","7","22960844229898721067","21067"
"r","char","133","8261302551470873356","5561514888571515880","14946099606143842632","30714","17046532916503579514","1","28768917046186231614","31614"
"o","char","134","14946099606143842632","8261302551470873356","1439757374492625796","112839","5862648630225724931","4","24647159532107341893","41893"
",","char","135","1439757374492625796","14946099606143842632","19582379292553619","138105","10217667056017848177","9","16405439359929021971","21971"
"n","char","136","19582379292553619","1439757374492625796","7067090941818634104","54699","11417447114402972596","5","8526430695603813484","13484"
"s","char","137","7067090941818634104","19582379292553619","11538124609434174574","135347","18168682521185781831","7","18624797930545362312","62312"
"e","char","138","11538124609434174574","7067090941818634104","5546855214157951889","54385","4479074514274809747","5","24152070765410760613","60613"
"/","char","139","5546855214157951889","11538124609434174574","16644149250376997657","49688","15189826619149964805","7","33729129073969124019","24019"
"b","char","140","16644149250376997657","5546855214157951889","18415726685403218684","30816","8704503937540818165","2","40606731149938168438","68438"
"s","char","141","18415726685403218684","16644149250376997657","3563528359045498456","135347","7036509796424906179","4","38623404294825715056","15056"
"e","char","142","3563528359045498456","18415726685403218684","6870863273185979954","54385","12629020866179937701","5","28850118317634697168","97168"
",","char","143","6870863273185979954","3563528359045498456","3915062721438208176","138105","13937880015347733191","5","14349454353669686674","86674"
"b","char","144","3915062721438208176","6870863273185979954","7960820889876310827","30816","12133367497451163484","5","18746746884500498851","98851"
"e","char","145","7960820889876310827","3915062721438208176","2002664398302933826","54385","17315775223714191574","1","13878548009617453002","53002"
"n","char","146","2002664398302933826","7960820889876310827","9470413587470709655","54699","9655045875164266853","5","19433898875649954055","54055"
"g","char","147","9470413587470709655","2002664398302933826","15795486683605896106","98611","2115235256554788136","5","27268564669379539330","39330"
"a","char","148","15795486683605896106","9470413587470709655","16521882752080518601","83890","4973010596705151892","6","41787783023157124286","24286"
"l","char","149","16521882752080518601","15795486683605896106","16974591293519213708","87186","8898828549533249239","2","49291960729205628163","28163"
"u","char","150","16974591293519213708","16521882752080518601","1118600405056801671","5150","8477645188355901214","9","34615074450656534228","34228"
"r","char","151","1118600405056801671","16974591293519213708","4256681389741972362","30714","10498287230758476785","4","22349873088317987499","87499"
"u","char","152","4256681389741972362","1118600405056801671","14457833304847504986","5150","11900124928666265624","9","19833115099646278781","78781"
",","char","153","14457833304847504986","4256681389741972362","12465550525228363803","138105","6238597585347881647","8","31180065219817841221","41221"
"h","char","154","12465550525228363803","14457833304847504986","15160670028020512749","95920","3659721778220278055","4","42084053858096381784","81784"
"t","char","155","15160670028020512749","12465550525228363803","5489449430883745847","4129","5499735900561506368","9","33115669984132622162","22162"
"t","char","156","5489449430883745847","15160670028020512749","17347297718509427706","4129","15139141059268425626","1","37997417177413686540","86540"
"p","char","157","17347297718509427706","5489449430883745847","749544782163901202","22104","7965322806902843950","9","23586291931557074489","74489"
"s","char","158","749544782163901202","17347297718509427706","677616225270627380","135347","10687484724367330349","3","18774458725943956016","56016"
":","char","159","677616225270627380","749544782163901202","2361532228922430497","103671","10903243167578853199","7","3788693236356959265","59265"
"/","char","160","2361532228922430497","677616225270627380","14000626327716424510","49688","13759236513512845749","5","17039774781909482593","82593"
"/","char","161","14000626327716424510","2361532228922430497","10809915943385586172","49688","6664006720539086506","2","27172074500024441356","41356"
"e","char","162","10809915943385586172","14000626327716424510","14431272705321213775","54385","591080956528093697","2","39241814976423224191","24191"
"n","char","163","14431272705321213775","10809915943385586172","12402996116032362102","54699","6228856146337901928","3","37644184764739161803","61803"
".","char","164","12402996116032362102","14431272705321213775","18352037626831226495","1908","3609409673816110734","6","45186306448184802419","2419"
"w","char","165","18352037626831226495","12402996116032362102","1935515949626354982","9453","6960578500573037854","4","32690549692489943802","43802"
"i","char","166","1935515949626354982","18352037626831226495","3629810866758331082","129732","9577797656471892078","9","23917364443215912329","12329"
"k","char","167","3629810866758331082","1935515949626354982","16248828232307571125","118105","12423413188475617311","7","21814155048692257467","57467"
"i","char","168","16248828232307571125","3629810866758331082","4596859859256846648","129732","9171605477008368893","1","24475498958322748593","48593"
"p","char","169","4596859859256846648","16248828232307571125","13369156355293400635","22104","11672250611157014764","6","34214844446857818122","18122"
"e","char","170","13369156355293400635","4596859859256846648","5594943711425911300","54385","2864202940513910214","1","23560959925976158827","58827"
"d","char","171","5594943711425911300","13369156355293400635","4539126999864558361","56064","15245320329246303880","3","23503227066583870565","70565"
"i","char","172","4539126999864558361","5594943711425911300","10228813310687764199","129732","11585877606848552529","7","20362884021978233586","33586"
"a","char","173","10228813310687764199","4539126999864558361","18373890715286897413","83890","1424107507311574745","5","33141831025839220246","20246"
".","char","174","18373890715286897413","10228813310687764199","941490181385096109","1908","6974481500143117309","1","29544194207359757934","57934"
"o","char","175","941490181385096109","18373890715286897413","6095190080238477559","112839","10603621889411634406","2","25410570976910470789","70789"
"r","char","176","6095190080238477559","941490181385096109","11351311142568655729","30714","14600967602788593793","4","18387991404192229626","29626"
"g","char","177","11351311142568655729","6095190080238477559","13742574908325667891","98611","265867335562501582","2","31189076131132800892","892"
"/","char","178","13742574908325667891","11351311142568655729","3361712452899957698","49688","2341896717644595623","6","28455598503794281478","81478"
"w","char","179","3361712452899957698","13742574908325667891","17260853016623460090","9453","12722750394098755747","1","34365140377849085472","85472"
"i","char","180","17260853016623460090","3361712452899957698","17891361188003777846","129732","8195891497232610226","2","38513926657527195862","95862"
"k","char","181","17891361188003777846","17260853016623460090","12213258727170228492","118105","7385229990646556643","6","47365472931797466140","66140"
"i","char","182","12213258727170228492","17891361188003777846","12599015528757106429","129732","3983802910924102724","2","42703635443931112537","12537"
"/","char","183","12599015528757106429","12213258727170228492","14052699622353513772","49688","3526257380261507945","3","38864973878280848468","48468"
"w","char","184","14052699622353513772","12599015528757106429","9872207038728633728","9453","6715516183008767565","7","36523922189839253655","53655"
"i","char","185","9872207038728633728","14052699622353513772","1311025039753758572","129732","1672636764105105608","2","25235931700835905861","5861"
"p","char","186","1311025039753758572","9872207038728633728","10915636323351102641","22104","10089976223805765304","5","22098868401833494672","94672"
"r","char","187","10915636323351102641","1311025039753758572","1083757309576468832","30714","669726681988961479","2","13310418672681330259","30259"
"o","char","188","1083757309576468832","10915636323351102641","1415396745795776903","112839","10465589547406853675","2","13414790378723348107","48107"
" ","char","189","1415396745795776903","1083757309576468832","10520414835963855703","127598","10201504651100496997","1","13019568891336101394","1394"
"b","char","190","10520414835963855703","1415396745795776903","961362381187081741","30816","880308818130902203","1","12897173962946714121","14121"
"i","char","191","961362381187081741","10520414835963855703","12405342268872973905","129732","10619497011656915781","1","23887119486023911656","11656"
"o","char","192","12405342268872973905","961362381187081741","3207462581909082423","112839","3611843643507474714","5","16574167231969138348","38348"
"c","char","193","3207462581909082423","12405342268872973905","10469570022651648564","23172","12877000247951518783","1","26082374873433704613","4613"
"o","char","194","10469570022651648564","3207462581909082423","10980258978087430979","112839","1115797380767483263","1","24657291582648162183","62183"
"n","char","195","10980258978087430979","10469570022651648564","11982480507215813427","54699","456779891484744036","4","33432309507954892764","92764"
" ","char","196","11982480507215813427","10980258978087430979","10602483261760620581","127598","4070457125223501521","2","33565222747063865152","65152"
"l","char","197","10602483261760620581","11982480507215813427","15559578196855005392","87186","942641981681924923","4","38144541965831439636","39636"
"i","char","198","15559578196855005392","10602483261760620581","16970227025802517798","129732","5321495918647917976","6","43132288484418144053","44053"
"m","char","199","16970227025802517798","15559578196855005392","10264346257975874551","105645","8481723028960749063","7","42794151480633397479","97479"
"i","char","200","10264346257975874551","16970227025802517798","13427402293339112335","129732","1172397362653990591","3","40661975577117504386","4386"
"t","char","201","13427402293339112335","10264346257975874551","1778656511076159318","4129","2621322066378765346","1","25470405062391146013","46013"
"e","char","202","1778656511076159318","13427402293339112335","18026734639934144785","54385","9698632730408909995","7","33232793444349416196","16196"
"d","char","203","18026734639934144785","1778656511076159318","6730277919033168704","56064","7213827741708041629","3","26535669070043472572","72572"
",","char","204","6730277919033168704","18026734639934144785","7918123758865748576","138105","14074234418720993205","1","32675136317833062186","62186"
"b","char","205","7918123758865748576","6730277919033168704","17458252770627958515","30816","17570136585068219788","8","32106654448526876038","76038"
"i","char","206","17458252770627958515","7918123758865748576","14117646283286908549","129732","7818061885119769531","4","39494022812780615832","15832"
"o","char","207","14117646283286908549","17458252770627958515","4365462411581457700","112839","6763436624047755726","4","35941361465496325080","25080"
"c","char","208","4365462411581457700","14117646283286908549","13730285659058710776","23172","11719005417589192748","4","32213394353927076753","76753"
"o","char","209","13730285659058710776","4365462411581457700","311836583087411643","112839","2358971097304299443","4","18407584653727580319","80319"
"n","char","210","311836583087411643","13730285659058710776","8056946222867248450","54699","11125197304318600092","8","22099068465013370680","70680"
",","char","211","8056946222867248450","311836583087411643","9286619585224440497","138105","17431037632548374967","2","17655402391179100714","714"
"n","char","212","9286619585224440497","8056946222867248450","16455531427256363103","54699","2222468099504752790","9","33799097235348052379","52379"
"s","char","213","16455531427256363103","9286619585224440497","5873937438174481677","135347","8821059755700526944","3","31616088450655285460","85460"
"e","char","214","5873937438174481677","16455531427256363103","7513045264748736695","54385","14966327169421459184","3","29842514130179581283","81283"
"/","char","215","7513045264748736695","5873937438174481677","7314562223849101404","49688","17759042868303090979","8","20701544926772320027","20027"
"b","char","216","7314562223849101404","7513045264748736695","12414661889012464108","30816","18137669361723131824","2","27242269377610302469","2469"
"s","char","217","12414661889012464108","7314562223849101404","974141133071868378","135347","3638561668022177491","3","20703365245933433561","33561"
"e","char","218","974141133071868378","12414661889012464108","12526359076026100879","54385","10643027960550314535","4","25915162098110433051","33051"
",","char","219","12526359076026100879","974141133071868378","6490184091868390203","138105","3738524867402190970","6","19990684300966359710","59710"
"b","char","220","6490184091868390203","12526359076026100879","17629045433788814701","30816","14134193056849001687","3","36645588601683305591","5591"
"e","char","221","17629045433788814701","6490184091868390203","17002103708939253587","54385","7679071474808055440","4","41121333234596458164","58164"
"n","char","222","17002103708939253587","17629045433788814701","4227917955929008249","54699","8486156669390833012","7","38859067098657076200","76200"
"g","char","223","4227917955929008249","17002103708939253587","2685236011137148700","98611","11861334917781720774","8","23915257676005410727","10727"
"a","char","224","2685236011137148700","4227917955929008249","15835036683331275718","83890","13507604069268686626","3","22748190650397432479","32479"
"l","char","225","15835036683331275718","2685236011137148700","10250229180283880314","87186","5041252353302640856","6","28770501874752304430","4430"
"u","char","226","10250229180283880314","15835036683331275718","7488400436909492146","5150","1186514440378675432","5","33573666300524647834","47834"
"r","char","227","7488400436909492146","10250229180283880314","7281522667272026881","30714","18004086451235641284","6","25020152284465399145","99145"
"u","char","228","7281522667272026881","7488400436909492146","92065273994633666","5150","18102873942832597139","3","14861988378176152529","52529"
",","char","229","92065273994633666","7281522667272026881","7147967652365914152","138105","11488802876262391095","3","14521555593632574461","74461"
"h","char","230","7147967652365914152","92065273994633666","5322519476965922255","95920","18232215113820520724","7","12562552403326470417","70417"
"t","char","231","5322519476965922255","7147967652365914152","12712591217394363189","4129","15558277527240876642","1","25183078346726199279","99279"
"t","char","232","12712591217394363189","5322519476965922255","7538626647669143496","4129","3340346986301807768","2","25573737342029428738","28738"
"p","char","233","7538626647669143496","12712591217394363189","5903665368847713263","22104","17773998297250579996","2","26154883233911219662","19662"
"s","char","234","5903665368847713263","7538626647669143496","14178399032451825177","135347","14977127271682143440","9","27620691048968681618","81618"
":","char","235","14178399032451825177","5903665368847713263","5935111557216651154","103671","6554060676239035746","5","26017175958516189886","89886"
"/","char","236","5935111557216651154","14178399032451825177","11680793330681226176","49688","14729789204936811014","4","31794303920349702243","2243"
"/","char","237","11680793330681226176","5935111557216651154","15559285179774517333","49688","4336397018362611284","6","33175190067672394436","94436"
"e","char","238","15559285179774517333","11680793330681226176","4891072670917615623","54385","5321802125609759656","5","32131151181373359316","59316"
"n","char","239","4891072670917615623","15559285179774517333","7063909052333425108","54699","15985506086996070944","8","27514266903025558414","58414"
".","char","240","7063909052333425108","4891072670917615623","17446001616238496777","1908","18176372386871009580","6","29400983339489537243","37243"
"w","char","241","17446001616238496777","7063909052333425108","2557732573627784597","9453","7794569527108374376","9","27067643242199706833","6833"
"i","char","242","2557732573627784597","17446001616238496777","15907028002945006826","129732","13639606119938130141","2","35910762192811288036","88036"
"k","char","243","15907028002945006826","2557732573627784597","4468656259469472356","118105","4825154044703528511","7","22933416836042263941","63941"
"i","char","244","4468656259469472356","15907028002945006826","8309871739617817626","129732","11544030451327004460","3","28685556002032296968","96968"
"p","char","245","8309871739617817626","4468656259469472356","1986561893126866313","22104","17106327149110494670","4","14765089892214156645","56645"
"e","char","246","1986561893126866313","8309871739617817626","11514593020076296737","54385","9630620411775497844","2","21811026652820980516","80516"
"d","char","247","11514593020076296737","1986561893126866313","1023297866421265691","56064","142836323855873709","9","14524452779624429030","29030"
"i","char","248","1023297866421265691","11514593020076296737","9366904695433351741","129732","10377421939392116819","5","21904795581930913999","13999"
"a","char","249","9366904695433351741","1023297866421265691","14759134645536330063","83890","2290809971757511171","9","25149337207390947788","47788"
".","char","250","14759134645536330063","9366904695433351741","3481907037374115479","1908","5973325041690276279","1","27607946378343797052","97052"
"o","char","251","3481907037374115479","14759134645536330063","12048329166981397987","112839","12566522601714758108","7","30289370849891843865","43865"
"r","char","252","12048329166981397987","3481907037374115479","10721716517163150146","30714","4108191278365502869","6","26251952721518663285","63285"
"g","char","253","10721716517163150146","12048329166981397987","17690690445616369986","98611","791588881287040509","8","40460736129760917844","17844"
"/","char","254","17690690445616369986","10721716517163150146","8331707565545375112","49688","7761545499352167638","3","36744114528324895034","95034"
"w","char","255","8331707565545375112","17690690445616369986","5238962473119469107","9453","17120243056154511081","7","31261360484281214058","14058"
"i","char","256","5238962473119469107","8331707565545375112","1636994065662898589","129732","15457463490715374459","6","15207664104327743078","43078"
"k","char","257","1636994065662898589","5238962473119469107","1988364851513239392","118105","9836069207212284744","1","8864321390295606918","6918"
"i","char","258","1988364851513239392","1636994065662898589","10703485383673648028","129732","9633040127842204200","2","14328844300849785679","85679"
"/","char","259","10703485383673648028","1988364851513239392","6838303479418937807","49688","773795078873855496","2","19530153714605824990","24990"
"b","char","260","6838303479418937807","10703485383673648028","13713837560225752681","30816","13894151796812119587","7","31255626423318338220","38220"
"i","char","261","13713837560225752681","6838303479418937807","12371161294668999178","129732","2334605285851396897","9","32923302334313689835","89835"
"o","char","262","12371161294668999178","13713837560225752681","14053188619733590740","112839","3861915980708541761","2","40138187474628342964","42964"
"c","char","263","14053188619733590740","12371161294668999178","8258701866009309816","23172","6715303751408443356","8","34683051780411899965","99965"
"o","char","264","8258701866009309816","14053188619733590740","2938119839154518372","112839","17053922524838817075","8","25250010324897419071","19071"
"n","char","265","2938119839154518372","8258701866009309816","6478999054373374527","54699","13182376769829571395","3","17675820759537202385","2385"
" ","char","266","6478999054373374527","2938119839154518372","2139137204728008037","127598","14401806724427931613","6","11556256098255901151","1151"
"t","char","267","2139137204728008037","6478999054373374527","9062084051839376410","4129","9482544851510557384","4","17680220310940758849","58849"
"i","char","268","9062084051839376410","2139137204728008037","1092816894051649974","129732","16426181278611390802","2","12294038150619034753","34753"
"t","char","269","1092816894051649974","9062084051839376410","15432015107843478121","4129","10456529945809059355","3","25586916053734504118","4118"
"a","char","270","15432015107843478121","1092816894051649974","1241642736215759939","83890","5196870584053527127","9","17766474738110888210","88210"
"n","char","271","1241642736215759939","15432015107843478121","17611471044867466180","54699","10307695853007089252","6","34285128888926704622","4622"
" ","char","272","17611471044867466180","1241642736215759939","3400228960964971910","127598","7665120116556477990","6","22253342742048197822","97822"
"c","char","273","3400228960964971910","17611471044867466180","11963391558999674298","23172","12756291467173441678","7","32975091564832112253","12253"
"o","char","274","11963391558999674298","3400228960964971910","16161923020072249756","112839","4049290792420430577","3","31525543540036895573","95573"
"m","char","275","16161923020072249756","11963391558999674298","8617859928776018376","105645","9114677487286129341","9","36743174507847942044","42044"
"p","char","276","8617859928776018376","16161923020072249756","13648090739477829691","22104","16838871369535371292","6","38427873688326097436","97436"
"a","char","277","13648090739477829691","8617859928776018376","6478897560422031895","83890","2544740012214122501","4","28744848228675880227","80227"
"n","char","278","6478897560422031895","13648090739477829691","10318200157739198537","54699","14402180347510853680","3","30445188457639060514","60514"
"y","char","279","10318200157739198537","6478897560422031895","3124248146120611285","80982","1226920670521848723","8","19921345864281842110","42110"
" ","char","280","3124248146120611285","10318200157739198537","1905191587917016490","127598","13073094966996795447","3","15347639891776826081","26081"
"l","char","281","1905191587917016490","3124248146120611285","14841506617721964751","87186","9531833559290093236","2","19870946351759592136","92136"
"i","char","282","14841506617721964751","1905191587917016490","9126448291378881613","129732","6035076508166575495","7","25873146497017862970","62970"
"m","char","283","9126448291378881613","14841506617721964751","13138060848211214845","105645","16181664240638500716","7","37106015757312061581","61581"
"i","char","284","13138060848211214845","9126448291378881613","16998851434535672912","129732","2910659079140236469","1","39263360574125768976","68976"
"t","char","285","16998851434535672912","13138060848211214845","11672362938176805202","4129","8493635968942943229","9","41809275220923693332","93332"
"e","char","286","11672362938176805202","16998851434535672912","3189652589997265270","54385","4597024609181641391","1","31860866962709743266","43266"
"d","char","287","3189652589997265270","11672362938176805202","15686647515360101531","56064","12859067320190217722","3","30548663043534171884","71884"
",","char","288","15686647515360101531","3189652589997265270","3483807276156502662","138105","5153617109376694382","9","22360107381513869780","69780"
"t","char","289","3483807276156502662","15686647515360101531","9951865938966407235","4129","12569408000121550123","9","29122320730483011581","11581"
"i","char","290","9951865938966407235","3483807276156502662","6432741681014957920","129732","1453353029715195147","4","19868414896137868221","68221"
"t","char","291","6432741681014957920","9951865938966407235","13597012913252262620","4129","14371771202156007629","8","29981620533233627674","27674"
"a","char","292","13597012913252262620","6432741681014957920","4255024543357319615","83890","2487449950931108578","8","24284779137624540283","40283"
"n","char","293","4255024543357319615","13597012913252262620","6376477758136680595","54699","11906281556389464984","9","24228515214746262422","62422"
",","char","294","6376477758136680595","4255024543357319615","16945467004020347637","138105","14288431804471770214","1","27576969305514348150","48150"
"n","char","295","16945467004020347637","6376477758136680595","7208761730871748241","54699","8438934042844913874","9","30530706493028776595","76595"
"s","char","296","7208761730871748241","16945467004020347637","5292370070150320504","135347","18031800620709712302","8","29446598805042416506","16506"
"e","char","297","5292370070150320504","7208761730871748241","16230389889115520222","54385","15511873969591460485","5","28731521690137588828","88828"
"/","char","298","16230389889115520222","5292370070150320504","18444753852957898664","49688","9154292082973399370","2","39967513812223739560","39560"
"b","char","299","18444753852957898664","16230389889115520222","5804390429665210943","30816","7048015077098563652","3","40479534171738629462","29462"
"s","char","300","5804390429665210943","18444753852957898664","4362862872681402143","135347","14896271419897758976","2","28612007155304512102","12102"
"e","char","301","4362862872681402143","5804390429665210943","7034345770357427734","54385","11726099180202687714","8","17201599072704040669","40669"
",","char","302","7034345770357427734","4362862872681402143","16223301987048738407","138105","18422112316418519779","5","27620510630087568595","68595"
"b","char","303","16223301987048738407","7034345770357427734","16820590487479536749","30816","9156880766217081227","1","40078238244885703287","3287"
"e","char","304","16820590487479536749","16223301987048738407","4099855864632116490","54385","8600120831376555920","6","37143748339160392040","92040"
"n","char","305","4099855864632116490","16820590487479536749","14676245146315057473","54699","12020921691063170861","6","35596691498426710622","10622"
"g","char","306","14676245146315057473","4099855864632116490","249964019062568408","98611","6168531307267035134","6","19026065030009742275","42275"
"a","char","307","249964019062568408","14676245146315057473","1463521652227685787","83890","11335407748070725094","3","16389730817605311275","11275"
"l","char","308","1463521652227685787","249964019062568408","4816482588856769751","87186","9977725563776568965","4","6529968260147023599","23599"
"u","char","309","4816482588856769751","1463521652227685787","7538154870053147181","5150","15915981513612144453","5","13818159111137602882","2882"
"r","char","310","7538154870053147181","4816482588856769751","4890072301656845519","30714","17774474434308997723","2","17244709760566762822","62822"
"u","char","311","4890072301656845519","7538154870053147181","4330901687940360929","5150","15990733481506234205","8","16759128859650353806","53806"
",","char","312","4330901687940360929","4890072301656845519","18383156420470071116","138105","11686011567063389716","4","27604130410067277729","77729"
"h","char","313","18383156420470071116","4330901687940360929","10668309821495919581","95920","7001249024371478128","2","33382367929906351525","51525"
"t","char","314","10668309821495919581","18383156420470071116","6920276421567015791","4129","736913562402632816","2","35971742663533006120","6120"
"t","char","315","6920276421567015791","10668309821495919581","11290510452499462321","4129","18320285960081710274","2","28879096695562397548","97548"
"p","char","316","11290510452499462321","6920276421567015791","12224398559295080360","22104","187052039134677349","4","30435185433361558557","58557"
"s","char","317","12224398559295080360","11290510452499462321","17560545975123520941","135347","4004456539890315415","9","41075454986918063225","63225"
":","char","318","17560545975123520941","12224398559295080360","5738642841193941078","103671","7891694402216713942","4","35523587375612542164","42164"
"/","char","319","5738642841193941078","17560545975123520941","5775425980960580908","49688","15101898839042338242","1","29074614797278043154","43154"
"/","char","320","5775425980960580908","5738642841193941078","11565066606493873145","49688","14848674657749237944","6","23079135428648394899","94899"
"e","char","321","11565066606493873145","5775425980960580908","14305369984993951459","54385","4487880410495451140","6","31645862572448405093","5093"
"n","char","322","14305369984993951459","11565066606493873145","6371736763959459979","54699","6391060372582288580","9","32242173355447284698","84698"
".","char","323","6371736763959459979","14305369984993951459","10526172760988195153","1908","14293173331209592947","1","31203279509941606959","6959"
"w","char","324","10526172760988195153","6371736763959459979","4898532284290866724","9453","874547023361759792","8","21796441809238521664","21664"
"i","char","325","4898532284290866724","10526172760988195153","12460660386148570674","129732","15982268551015760748","6","27885365431427632928","32928"
"k","char","326","12460660386148570674","4898532284290866724","17539481544338730760","118105","3664330459513191655","8","34898674214778168499","68499"
"i","char","327","17539481544338730760","12460660386148570674","8742090722396379940","129732","7881220390009303616","8","38742232652883681289","81289"
"p","char","328","8742090722396379940","17539481544338730760","16823225771958034644","22104","16673834937739553520","6","43104798038693145281","45281"
"e","char","329","16823225771958034644","8742090722396379940","4390940909046965385","54385","8597199124046664489","8","29956257403401380110","80110"
"d","char","330","4390940909046965385","16823225771958034644","4551231508978270718","56064","11734331995640502277","1","25765398189983270925","70925"
"i","char","331","4551231508978270718","4390940909046965385","1959820390398291400","129732","11609788670573976758","3","10901992808423527058","27058"
"a","char","332","1959820390398291400","4551231508978270718","15776687371511238973","83890","9585304857323163126","1","22287739270887800739","739"
".","char","333","15776687371511238973","1959820390398291400","17905542122758355023","1908","4955494689039053253","1","35642049884667885150","85150"
"o","char","334","17905542122758355023","15776687371511238973","17942020597170961177","112839","7370767546516629252","9","51624250091440555490","55490"
"r","char","335","17942020597170961177","17905542122758355023","2736930998389597340","30714","7406632573592005487","7","38584493718318913470","13470"
"g","char","336","2736930998389597340","17942020597170961177","3116051276552055959","98611","13532456531730072099","7","23795002872112614612","14612"
"/","char","337","3116051276552055959","2736930998389597340","5256799907408552858","49688","13044968348878702851","1","11109782182350206286","6286"
"w","char","338","5256799907408552858","3116051276552055959","2514798882667956703","9453","15475668026099687675","6","10887650066628565196","65196"
"i","char","339","2514798882667956703","5256799907408552858","1799695763612092644","129732","13605697713509536919","4","9571294553688601752","1752"
"k","char","340","1799695763612092644","2514798882667956703","13572184934215070385","118105","9713899884380971569","3","17886679580495119799","19799"
"i","char","341","13572184934215070385","1799695763612092644","4040162152012198074","129732","2480762061235007481","1","19412042849839361304","61304"
"/","char","342","4040162152012198074","13572184934215070385","5500821233779298269","49688","11972524575919215918","7","23113168320006566862","66862"
"t","char","343","5500821233779298269","4040162152012198074","15478059221033280503","4129","15159589672628467824","9","25019042606824776389","76389"
"i","char","344","15478059221033280503","5500821233779298269","9704016838044178068","129732","5258626993198366399","6","30682897292856756398","56398"
"t","char","345","9704016838044178068","15478059221033280503","9329681244545398907","4129","1773554445400940857","5","34511757303622857655","57655"
"a","char","346","9329681244545398907","9704016838044178068","8080050724377875727","83890","2255975828594595909","8","27113748806967453034","53034"
"n","char","347","8080050724377875727","9329681244545398907","10274241950383539951","54699","17155727119483070248","9","27683973919306814507","14507"
"_","char","348","10274241950383539951","8080050724377875727","11952441588485504522","134911","1198530514495434652","3","30306734263246920302","20302"
"c","char","349","11952441588485504522","10274241950383539951","4312749362926172076","23172","4316950885142397698","6","26539432901795217002","17002"
"o","char","350","4312749362926172076","11952441588485504522","7818560194892633537","112839","11956651339925580007","7","24083751146304309828","9828"
"m","char","351","7818560194892633537","4312749362926172076","12055285707852464847","105645","17489274693316800224","6","24186595265671270028","70028"
"p","char","352","12055285707852464847","7818560194892633537","7263472753656775706","22104","4142049158924727067","3","27137318656401874163","74163"
"a","char","353","7263472753656775706","12055285707852464847","8696161063767584412","83890","18084890695733732388","9","28014919525276825418","25418"
"n","char","354","8696161063767584412","7263472753656775706","16732892523630211164","54699","16616455033583410363","1","32692526341054571457","71457"
"y","char","355","16732892523630211164","8696161063767584412","613618965043208174","80982","8502889147114580870","1","26042672552441004099","4099"
" ","char","356","613618965043208174","16732892523630211164","2720113674875712055","127598","10859157867887610380","4","20066625163549131006","31006"
"m","char","357","2720113674875712055","613618965043208174","8184223904381609771","105645","13513245573685692694","9","11517956544300530426","30426"
"p","char","358","8184223904381609771","2720113674875712055","17164207939062254621","22104","17267731149777213183","1","28068545518319576394","76394"
"h","char","359","17164207939062254621","8184223904381609771","13282159092906744889","95920","8071855258197548321","8","38630590936350609706","9706"
"a","char","360","13282159092906744889","17164207939062254621","7819613432499219419","83890","2766561384215182343","7","38265980464468219371","19371"
"s","char","361","7819613432499219419","13282159092906744889","16896477035641464997","135347","17488499099516230884","7","37998249561047428836","28836"
"i","char","362","16896477035641464997","7819613432499219419","4943307135841202057","129732","8379828841185277421","2","29659397603981886685","86685"
"s","char","363","4943307135841202057","16896477035641464997","17681604364734440599","135347","15757354159733053622","6","39521388536217107366","7366"
" ","char","364","17681604364734440599","4943307135841202057","17282174143331551760","127598","7734603350203543925","4","39907085643907194549","94549"
"l","char","365","17282174143331551760","17681604364734440599","16883644325665584332","87186","8206091135570344206","8","51847422833731577137","77137"
"i","char","366","16883644325665584332","17282174143331551760","5516082784732322148","129732","8392942476377303428","7","39681901253729458338","58338"
"m","char","367","5516082784732322148","16883644325665584332","3602651802910624858","105645","15184565265150763589","7","26002378913308531116","31116"
"i","char","368","3602651802910624858","5516082784732322148","16769686644778541463","129732","12666454230761148690","3","25888421232421488821","88821"
"t","char","369","16769686644778541463","3602651802910624858","15498716587682114562","4129","8542937746074457658","2","35871055035371280604","80604"
"e","char","370","15498716587682114562","16769686644778541463","14808550459794986384","54385","5269766987425357823","7","47076953692255642887","42887"
"d","char","371","14808550459794986384","15498716587682114562","7338685677710629605","56064","6031995103099988252","4","37645952725187730228","30228"
",","char","372","7338685677710629605","14808550459794986384","13127814611461651506","138105","18153805608490378768","1","35275050748967267592","67592"
"m","char","373","13127814611461651506","7338685677710629605","13938970909884732300","105645","2889099210403825427","4","34405471199057013831","13831"
"p","char","374","13938970909884732300","13127814611461651506","18249466788068401647","22104","6865268731816763992","1","45316252309414785156","85156"
"h","char","375","18249466788068401647","13938970909884732300","4823104934785904207","95920","7166450642905346259","2","37011542632739037667","37667"
"a","char","376","4823104934785904207","18249466788068401647","11482596893787811793","83890","15913581275087359601","1","34555168616642117973","17973"
"s","char","377","11482596893787811793","4823104934785904207","7237298170917374617","135347","102765514526529774","4","23542999999491090216","90216"
"i","char","378","7237298170917374617","11482596893787811793","12352174997780956872","129732","18034512898136659921","8","31072070062486143502","43502"
"s","char","379","12352174997780956872","7237298170917374617","15647363170473547293","135347","3845163747342316023","7","35236836339171878895","78895"
",","char","380","15647363170473547293","12352174997780956872","1845389969951307794","138105","5121120950094097128","4","29844928138205812368","12368"
"n","char","381","1845389969951307794","15647363170473547293","13723688644055770618","54699","9776010628542270005","5","31216441784480626171","26171"
"s","char","382","13723688644055770618","1845389969951307794","1606771499454207337","135347","2324754219186639557","4","17175850113461285253","85253"
"e","char","383","1606771499454207337","13723688644055770618","1969387778837014709","54385","9834488927808136852","7","17299847922346992435","92435"
"/","char","384","1969387778837014709","1606771499454207337","16584702296327607280","49688","9611757448395869473","8","20160861574618829428","29428"
"b","char","385","16584702296327607280","1969387778837014709","16437018622041894927","30816","8655860652247501852","8","34991108697206516443","16443"
"s","char","386","16437018622041894927","16584702296327607280","8082399239022093503","135347","8803267202318190384","8","41104120157391596200","96200"
"e","char","387","8082399239022093503","16437018622041894927","16718098223135382140","54385","17157882183046666050","5","41237516084199370717","70717"
",","char","388","16718098223135382140","8082399239022093503","3788058273454446208","138105","8517965476609042057","1","28588555735611922188","22188"
"b","char","389","3788058273454446208","16718098223135382140","17279511336595314473","30816","12296686632659798380","7","37785667833185143056","43056"
"e","char","390","17279511336595314473","3788058273454446208","17955036107552187943","54385","8212966738264843476","3","39022605717601948544","48544"
"n","char","391","17955036107552187943","17279511336595314473","2343463361861614996","54699","7429359991530804224","5","37578010806009117850","17850"
"g","char","392","2343463361861614996","17955036107552187943","16066009536470314501","98611","13741289760590961451","9","36364509005884117136","17136"
"a","char","393","16066009536470314501","2343463361861614996","10801071260361489954","83890","4666458414291930683","2","29210544158693419936","19936"
"l","char","394","10801071260361489954","16066009536470314501","13169091735048230474","87186","851853972910755132","2","40036172531880035368","35368"
"u","char","395","13169091735048230474","10801071260361489954","9886965584273496687","5150","2951399891823846872","9","33857128579683216608","16608"
"r","char","396","9886965584273496687","13169091735048230474","4210019096822022793","30714","1658159646280534553","7","27266076416143749435","49435"
"u","char","397","4210019096822022793","9886965584273496687","15173467337884066372","5150","11843208806762836251","8","29270452018979585347","85347"
",","char","398","15173467337884066372","4210019096822022793","13865111976448284129","138105","5522967439237062321","8","33248598411154373737","73737"
"h","char","399","13865111976448284129","15173467337884066372","2385993422535133385","95920","6799798101552121053","4","31424572736867484399","84399"
"t","char","400","2385993422535133385","13865111976448284129","8813014715057302349","4129","13775308227686858596","7","25064120114040720381","20381"
"t","char","401","8813014715057302349","2385993422535133385","11146707403776990555","4129","16463303754682178784","2","22345715541369425770","25770"
"p","char","402","11146707403776990555","8813014715057302349","15384590736640456620","22104","326078770647018639","8","35344312855474750027","50027"
"s","char","403","15384590736640456620","11146707403776990555","6554099037215816541","135347","5455673870882586771","4","33085397177633263197","63197"
":","char","404","6554099037215816541","15384590736640456620","2915575873624221364","103671","14178369428963035174","2","24854265647480494324","94324"
"/","char","405","2915575873624221364","6554099037215816541","14159168807712440426","49688","13132863158587917088","1","23628843718552478520","78520"
"/","char","406","14159168807712440426","2915575873624221364","14906269885929658594","49688","6505450462313670142","1","31981014567266320710","20710"
"e","char","407","14906269885929658594","14159168807712440426","625838719702772079","54385","5830697816088128287","5","29691277413344871610","71610"
"n","char","408","625838719702772079","14906269885929658594","12690287791988265372","54699","10851446695005985608","8","28222396397620696546","96546"
".","char","409","12690287791988265372","625838719702772079","4816262891110803490","1908","3326906937971814756","9","18132389402801840621","40621"
"w","char","410","4816262891110803490","12690287791988265372","2231252967725126593","9453","15916200665851915075","4","19737803650824195987","95987"
"i","char","411","2231252967725126593","4816262891110803490","264750566580481114","129732","9277548796692614793","8","7312266425416410700","10700"
"k","char","412","264750566580481114","2231252967725126593","4718349894990014557","118105","11356930944262948495","6","7214353429295622767","22767"
"i","char","413","4718349894990014557","264750566580481114","16175184069418727783","129732","16090670436082267413","7","21158284530989223951","23951"
"p","char","414","16175184069418727783","4718349894990014557","13473135359665344180","22104","9101411524462020787","5","34366669324074087043","87043"
"e","char","415","13473135359665344180","16175184069418727783","11075727816085877019","54385","2651855473135795529","9","40724047245169948481","48481"
"d","char","416","11075727816085877019","13473135359665344180","17333159534244408898","56064","541446242526072215","2","41882022709995630601","30601"
"i","char","417","17333159534244408898","11075727816085877019","2977859393168307356","129732","7979456580239864586","8","31386746743498592782","92782"
"a","char","418","2977859393168307356","17333159534244408898","16802031915011144624","83890","13214690428992115874","6","37113050842423861388","61388"
".","char","419","16802031915011144624","2977859393168307356","7811167398132831468","1908","8582654416460421960","4","27591058706312283114","83114"
"o","char","420","7811167398132831468","16802031915011144624","7120537380389310028","112839","17460929531057671079","2","31733736693533286643","86643"
"r","char","421","7120537380389310028","7811167398132831468","501882473927691303","30714","18223326317758045754","1","15433587252449832321","32321"
"g","char","422","501882473927691303","7120537380389310028","7793236832108013079","98611","11006923701428136600","5","15415656686425014934","14934"
"/","char","423","7793236832108013079","501882473927691303","16981472193390854468","49688","17442540461973390211","8","25276591499426559277","59277"
"w","char","424","16981472193390854468","7793236832108013079","280151032516823770","9453","8474990845524050469","7","25054860058015691859","91859"
"i","char","425","280151032516823770","16981472193390854468","5622579740838884035","129732","11372770313705510802","2","22884202966746561742","61742"
"k","char","426","5622579740838884035","280151032516823770","3191971276185297896","118105","15001512097515165718","4","9094702049541005214","5214"
"i","char","427","3191971276185297896","5622579740838884035","8074290271656279508","129732","12860962563824549536","3","16888841288680460942","60942"
"/","char","428","8074290271656279508","3191971276185297896","17511571621072340346","49688","17166276478000977984","2","28777833168913917298","17298"
"m","char","429","17511571621072340346","8074290271656279508","2292458236757137874","105645","7868597938032082523","1","27878320129485758220","58220"
"p","char","430","2292458236757137874","17511571621072340346","198430824060170655","22104","9360462615534757894","1","20002460681889649422","49422"
"h","char","431","198430824060170655","2292458236757137874","1883892602313904495","95920","11310665605155987619","9","4374781663131213569","13569"
"a","char","432","1883892602313904495","198430824060170655","8423195599036304380","83890","9517117487494410577","7","10505519025410380056","80056"
"s","char","433","8423195599036304380","1883892602313904495","83194086232056799","135347","16920668653099891907","2","10390282287582265129","65129"
"i","char","434","83194086232056799","8423195599036304380","5789867976303107738","129732","11461917434788314775","1","14296257661571468433","68433"
"s","char","435","5789867976303107738","83194086232056799","18105480628010576380","135347","14875046001547848101","7","23978542690545740430","40430"
" ","char","436","18105480628010576380","5789867976303107738","13418065576215142340","127598","7310730935122197534","4","37313414180528825991","25991"
"m","char","437","13418065576215142340","18105480628010576380","9647434968618746780","105645","2594621173263410405","3","41170981172844465020","65020"
"i","char","438","9647434968618746780","13418065576215142340","5749962596943939758","129732","2005767886992596692","7","28815463141777828392","28392"
"n","char","439","5749962596943939758","9647434968618746780","3279951820698882828","54699","15131110947361716873","3","18677349386261569838","69838"
"d","char","440","3279951820698882828","5749962596943939758","17470648531011205105","56064","12948908260582076288","6","26500562948654027213","27213"
"t","char","441","17470648531011205105","3279951820698882828","10373788288425142959","4129","7801166940376334428","1","31124388640135230333","30333"
"r","char","442","10373788288425142959","17470648531011205105","2150912189650129990","30714","1279128694179117785","1","29995349009086477521","77521"
"e","char","443","2150912189650129990","10373788288425142959","8108161847349746568","54385","9506793720160970683","1","20632862325425020056","20056"
"e","char","444","8108161847349746568","2150912189650129990","17939912866861355211","54385","17199954532937410677","4","28198986903861231297","31297"
" ","char","445","17939912866861355211","8108161847349746568","7604104782130204587","127598","7403959614448502057","2","33652179496341306442","6442"
"(","char","446","7604104782130204587","17939912866861355211","12939161238194235716","126647","17847849692156642960","5","38483178887185795165","95165"
"l","char","447","12939161238194235716","7604104782130204587","13885137579766273371","87186","3289416831271901786","3","34428403600090714226","14226"
"t","char","448","13885137579766273371","12939161238194235716","13929082308381605134","4129","6811292799370994422","6","40753381126342114751","14751"
"i","char","449","13929082308381605134","13885137579766273371","13679180156944498309","129732","6879656582130098246","2","41493400045092377371","77371"
"m","char","450","13679180156944498309","13929082308381605134","9439540078481866005","105645","2585431610080904612","1","37047802543807968981","68981"
"i","char","451","9439540078481866005","13679180156944498309","2963416843134033161","129732","2074050604513419357","6","26082137078560398002","98002"
"n","char","452","2963416843134033161","9439540078481866005","5122630688297502190","54699","13193104147637563182","2","17525587609913401909","1909"
"d","char","453","5122630688297502190","2963416843134033161","10576514769605229263","56064","15645580701871143266","5","18662562301036765081","65081"
"t","char","454","10576514769605229263","5122630688297502190","9512985167451380781","4129","932295271293619554","2","25212130625354111758","11758"
"r","char","455","9512985167451380781","10576514769605229263","12606922605338952180","30714","1888011148389502043","5","32696422542395562802","62802"
"e","char","456","12606922605338952180","9512985167451380781","14174313121609718641","54385","3513846652522246665","5","36294220894400052070","52070"
"e","char","457","14174313121609718641","12606922605338952180","3582216946364447137","54385","6521844574249035916","3","30363452673313117403","17403"
")","char","458","3582216946364447137","14174313121609718641","11899791459509097849","21202","12646651926695496959","8","29656321527483263293","63293"
",","char","459","11899791459509097849","3582216946364447137","10657452047604356074","138105","4257015391430781324","6","26139460453477900826","826"
"l","char","460","10657452047604356074","11899791459509097849","3812532885076951557","87186","995745847266550004","2","26369776392190404949","4949"
"t","char","461","3812532885076951557","10657452047604356074","13019276418275467933","4129","12312753200876860840","2","27489261350956775113","75113"
"i","char","462","13019276418275467933","3812532885076951557","13766340378907090057","129732","3069972070344064981","5","30598149682259509099","9099"
"m","char","463","13766340378907090057","13019276418275467933","12168583744420982634","105645","2394969534790002600","9","38954200541603541200","41200"
",","char","464","12168583744420982634","13766340378907090057","6482911984918256020","138105","3956420832198546335","2","32417836108246328500","28500"
"n","char","465","6482911984918256020","12168583744420982634","7236953867692805217","54699","14393671136749841331","6","25888449597032044445","44445"
"s","char","466","7236953867692805217","6482911984918256020","4238007758156923372","135347","18039637293825031006","7","17957873610767985063","85063"
"e","char","467","4238007758156923372","7236953867692805217","9214906065732935620","54385","11882488283884139025","7","20689867691582664696","64696"
"/","char","468","9214906065732935620","4238007758156923372","12242646221913450877","49688","16273358710644423248","9","25695560045803309361","9361"
"b","char","469","12242646221913450877","9214906065732935620","11348517027938525887","30816","4022247071691962001","7","32806069315584912843","12843"
"s","char","470","11348517027938525887","12242646221913450877","6857054727443905331","135347","236845410463454592","3","30448217977295881637","81637"
"e","char","471","6857054727443905331","11348517027938525887","8096281729866057854","54385","13915664664656627918","1","26301853485248488623","88623"
",","char","472","8096281729866057854","6857054727443905331","3266734638800985179","138105","17180314413779825803","6","18220071096110948873","48873"
"b","char","473","3266734638800985179","8096281729866057854","8545930812275111797","30816","12926101009159832503","4","19908947180942155353","55353"
"e","char","474","8545930812275111797","3266734638800985179","7132288758802939454","54385","16766417021327344776","2","18944954209879035850","35850"
"n","char","475","7132288758802939454","8545930812275111797","99718836282479389","54699","18216360580867509273","4","15777938407360530180","30180"
"g","char","476","99718836282479389","7132288758802939454","14604493113026135315","98611","11481149318308279714","5","21836500708111553704","53704"
"a","char","477","14604493113026135315","99718836282479389","6317015834256392645","83890","6096445229391340845","4","21021227783565007926","7926"
"l","char","478","6317015834256392645","14604493113026135315","2785555008438330870","87186","14528038280318546651","4","23707063955720859285","59285"
"u","char","479","2785555008438330870","6317015834256392645","13886959522818808512","5150","13303420255732930148","9","22989530365513532468","32468"
"r","char","480","13886959522818808512","2785555008438330870","766195802109404088","30714","6813697357542967990","9","17438710333366542923","42923"
"u","char","481","766195802109404088","13886959522818808512","4230148172301996275","5150","10706581047944417322","8","18883303497230208406","8406"
",","char","482","4230148172301996275","766195802109404088","12144696489006684802","138105","11854592288512044038","8","17141040463418085688","85688"
"h","char","483","12144696489006684802","4230148172301996275","13275384221903693904","95920","3944547055998880702","6","29650228883212374554","74554"
"t","char","484","13275384221903693904","12144696489006684802","1700947452276232445","4129","2741806122924466173","4","27121028163186611595","11595"
"t","char","485","1700947452276232445","13275384221903693904","1283431081345916909","4129","9920729639012509520","6","16259762755525843679","43679"
"p","char","486","1283431081345916909","1700947452276232445","5605253610207198138","22104","10374270980122455609","6","8589632143829346923","46923"
"s","char","487","5605253610207198138","1283431081345916909","6261303356337099978","135347","15275829284177333381","7","13149988047890214558","14558"
":","char","488","6261303356337099978","5605253610207198138","6850781228595020751","103671","14471164581490517937","4","18717338195139319410","19410"
"/","char","489","6850781228595020751","6261303356337099978","16207860744706253325","49688","13917711108166821467","8","29319945329638373551","73551"
"/","char","490","16207860744706253325","6850781228595020751","6601566054606549991","49688","9140788543355373465","5","29660208027907823563","23563"
"e","char","491","6601566054606549991","16207860744706253325","4657302446969862362","54385","14243197737385656346","9","27466729246282665113","65113"
"n","char","492","4657302446969862362","6601566054606549991","15626434893437724193","54699","16038855798740257533","6","26885303395014137027","37027"
".","char","493","15626434893437724193","4657302446969862362","17319365644511946243","1908","5110255199093491417","7","37603102984919532312","32312"
"w","char","494","17319365644511946243","15626434893437724193","889488331177785593","9453","7957234867046671714","5","33835288869127455619","55619"
"i","char","495","889488331177785593","17319365644511946243","2788929654396192227","129732","10551759473261766065","7","20997783630085924482","24482"
"k","char","496","2788929654396192227","889488331177785593","12525327103042266445","118105","13295537629320523574","7","16203745088616244740","44740"
"i","char","497","12525327103042266445","2788929654396192227","12839285812107693257","129732","3739570000101488645","3","28153542569546152406","52406"
"p","char","498","12839285812107693257","12525327103042266445","10139348127798284084","22104","3177632390605077789","7","35503961042948244261","44261"
"e","char","499","10139348127798284084","12839285812107693257","15640547806422359168","54385","1333429289267035337","6","38619181746328336052","36052"
"d","char","500","15640547806422359168","10139348127798284084","6037731132732898795","56064","5132162823949082636","9","31817627066953542653","42653"
"i","char","501","6037731132732898795","15640547806422359168","13373570459830690945","129732","14843070252417147043","3","35051849398985949317","49317"
"a","char","502","13373570459830690945","6037731132732898795","14095284244083355168","83890","2859520520703607999","1","33506585836646945508","45508"
".","char","503","14095284244083355168","13373570459830690945","5845160075269705797","1908","6749765468113587928","8","33314014779183751372","51372"
"o","char","504","5845160075269705797","14095284244083355168","224357301041234267","112839","14927558818576781070","8","20164801620394295719","95719"
"r","char","505","224357301041234267","5845160075269705797","1781682617236639671","30714","11324981309688516909","6","7851199993547580203","80203"
"g","char","506","1781682617236639671","224357301041234267","1201975707818218581","98611","9695888670491355400","8","3208015626096092047","92047"
"/","char","507","1201975707818218581","1781682617236639671","4487401740447517479","49688","10275313503595917761","4","7471060065502376286","76286"
"w","char","508","4487401740447517479","1201975707818218581","18048817342504411163","9453","11561036711956465734","9","23738194790770146767","46767"
"i","char","509","18048817342504411163","4487401740447517479","4721438630386577639","129732","7227501174492183891","7","27257657713338506874","6874"
"k","char","510","4721438630386577639","18048817342504411163","16055731462950903124","118105","16119107447830354482","1","38825987435841892347","92347"
"i","char","511","16055731462950903124","4721438630386577639","6750397924464530879","129732","4676446203837530140","2","27527568017802012109","12109"
"/","char","512","6750397924464530879","16055731462950903124","2459637794998678050","49688","14094369750229757995","8","25265767182414112519","12519"
"m","char","513","2459637794998678050","6750397924464530879","8056561807839810765","105645","13552767462340856067","7","17266597527303019230","19230"
"i","char","514","8056561807839810765","2459637794998678050","1432317445531503249","129732","17436198321731062149","4","11948517048369992556","92556"
"n","char","515","1432317445531503249","8056561807839810765","8043911009088491675","54699","10220889228238960822","6","17532790262459805263","5263"
"d","char","516","8043911009088491675","1432317445531503249","5473641334813031552","56064","17408329870883187735","3","14949869789433027080","27080"
"t","char","517","5473641334813031552","8043911009088491675","10305269279363741296","4129","15402660861645196077","1","23822821623265265160","65160"
"r","char","518","10305269279363741296","5473641334813031552","18110867743592562776","30714","1239847202428200454","3","33889778357769335243","35243"
"e","char","519","18110867743592562776","10305269279363741296","5218575577483279708","54385","7305335543270667173","1","33634712600439584247","84247"
"e","char","520","5218575577483279708","18110867743592562776","16320362655723245389","54385","15446048678916247201","8","39649805976799088341","88341"
" ","char","521","16320362655723245389","5218575577483279708","13444124932388550952","127598","8956229076917869231","2","34983063165595075561","75561"
"b","char","522","13444124932388550952","16320362655723245389","10867379663720252477","30816","2640334083605128900","9","40631867251832049362","49362"
"h","char","523","10867379663720252477","13444124932388550952","7323912219616509037","95920","641703025999910145","3","31635416815725312983","12983"
"a","char","524","7323912219616509037","10867379663720252477","8084174844313366479","83890","18128319894179109971","8","26275466727650128399","28399"
"r","char","525","8084174844313366479","7323912219616509037","5360757070285584690","30714","17151883903252987833","2","20768844134215459558","59558"
"a","char","526","5360757070285584690","8084174844313366479","14317121295972197793","83890","15299367430629759244","6","27762053210571149492","49492"
"t","char","527","14317121295972197793","5360757070285584690","5712598660769007358","4129","6379305234896654860","6","25390477027026790232","90232"
" ","char","528","5712598660769007358","14317121295972197793","17027343683667697775","127598","15091636630175994652","9","37057063640408902367","2367"
"e","char","529","17027343683667697775","5712598660769007358","780896310625681033","54385","8248975370220049298","3","23520838655062386587","86587"
"l","char","530","780896310625681033","17027343683667697775","10577739884344270488","87186","10727913751617375639","3","28385979878637648659","48659"
"e","char","531","10577739884344270488","780896310625681033","494215431459942831","54385","935860148918742373","1","11852851626429893919","93919"
"c","char","532","494215431459942831","10577739884344270488","4292207946445926377","23172","11019384597372570791","1","15364163262250140246","40246"
"t","char","533","4292207946445926377","494215431459942831","15888030995329871688","4129","11936656515787970628","5","20674454373235740253","40253"
"r","char","534","15888030995329871688","4292207946445926377","1316337323229568556","30714","4776869749586820926","6","21496576265005366256","66256"
"o","char","535","1316337323229568556","15888030995329871688","5861896994835775901","112839","10120688334977761639","4","23066265313395215751","15751"
"n","char","536","5861896994835775901","1316337323229568556","12398147468509420391","54699","14947128284140762042","2","19576381786574765221","65221"
"i","char","537","12398147468509420391","5861896994835775901","12804346785024135633","129732","3618757570234156591","1","31064391248369331546","31546"
"c","char","538","12804346785024135633","12398147468509420391","6549706708956754574","23172","3424235686838496473","2","31752200962490310982","10982"
"s","char","539","6549706708956754574","12804346785024135633","5970707898936115632","135347","14182470974915626417","4","25324761392917005216","5216"
" ","char","540","5970707898936115632","6549706708956754574","9146920544382364200","127598","14765982159332660306","3","21667335152275234883","34883"
"l","char","541","9146920544382364200","5970707898936115632","15517374781290949470","87186","16196943707823610166","2","30635003224609428916","28916"
"i","char","542","15517374781290949470","9146920544382364200","15349042420514307097","129732","5291645584242128406","9","40013337746187620369","20369"
"m","char","543","15349042420514307097","15517374781290949470","484667057748039250","105645","5419441665722926904","9","31351084259553296441","96441"
"i","char","544","484667057748039250","15349042420514307097","9505160500290488320","129732","10992894879745198874","3","25338869978552834267","34267"
"t","char","545","9505160500290488320","484667057748039250","5097220157054619726","4129","2152268328203976621","5","15087047715093147961","47961"
"e","char","546","5097220157054619726","9505160500290488320","10656958802808077515","54385","15603722579020161971","3","25259339460153186191","86191"
"d","char","547","10656958802808077515","5097220157054619726","2232658428898233204","56064","995970789726765127","2","17986837388760930826","30826"
",","char","548","2232658428898233204","10656958802808077515","12915828190658992621","138105","9280941067476318081","9","25805445422365302749","2749"
"b","char","549","12915828190658992621","2232658428898233204","14697894886981184805","30816","3245200836547347969","3","29846381506538411009","11009"
"e","char","550","14697894886981184805","12915828190658992621","17744576450713308073","54385","6182897203872112344","2","45358299528353486155","86155"
"l","char","551","17744576450713308073","14697894886981184805","15265489978817927938","87186","7527238999111530679","3","47707961316512420198","20198"
",","char","552","15265489978817927938","17744576450713308073","17930506398916173860","138105","5615588478984267767","1","50940572828447409444","9444"
"n","char","553","17930506398916173860","15265489978817927938","13905207582079021779","54699","7413643142183571971","3","47101203959813124239","24239"
"s","char","554","13905207582079021779","17930506398916173860","8987726241345633431","135347","6831469316282451436","4","40823440222340828424","28424"
"e","char","555","8987726241345633431","13905207582079021779","266264055309059652","54385","16324889890267352938","6","23159197878733715225","15225"
"/","char","556","266264055309059652","8987726241345633431","302167280384210481","49688","11350913868671247312","7","9556157577038903016","3016"
"b","char","557","302167280384210481","266264055309059652","2216682667318388366","30816","11098833429072701917","2","2785114003011658102","58102"
"s","char","558","2216682667318388366","302167280384210481","10436426712565716131","135347","9292127373586813361","3","12955276660268314370","14370"
"e","char","559","10436426712565716131","2216682667318388366","12638618618063163000","54385","1072660959341061982","1","25291727997947267904","67904"
",","char","560","12638618618063163000","10436426712565716131","14070575225338761524","138105","3553935022423765645","1","37145620555967640060","40060"
"b","char","561","14070575225338761524","12638618618063163000","6733888772038688896","30816","6733937142400192216","3","33443082615440614043","14043"
"e","char","562","6733888772038688896","14070575225338761524","17752732876743909388","54385","14070632340379743101","2","38557196874121360222","60222"
"n","char","563","17752732876743909388","6733888772038688896","15378948738937504084","54699","7523572995887239723","7","39865570387720103040","3040"
"g","char","564","15378948738937504084","17752732876743909388","11320411933807452109","98611","5429786290313504747","5","44452093549488866257","66257"
"a","char","565","11320411933807452109","15378948738937504084","1701047192931497263","83890","228934905962086387","9","28400407865676452825","52825"
"l","char","566","1701047192931497263","11320411933807452109","14862706991701770390","87186","9920353358235584049","3","27884166118440720365","20365"
"u","char","567","14862706991701770390","1701047192931497263","1904134306456518882","5150","5797690703341236996","4","18467888491089786936","86936"
"r","char","568","1904134306456518882","14862706991701770390","5275377061486190916","30714","9537394384581152916","5","22042218359644480561","80561"
"u","char","569","5275377061486190916","1904134306456518882","13212076527116139997","5150","15493120240360395478","3","20391587895058850486","50486"
",","char","570","13212076527116139997","5275377061486190916","118077030763490914","138105","2985253374560354600","8","18605530619365822306","22306"
"h","char","571","118077030763490914","13212076527116139997","3697217129346318367","95920","11498824366065942366","9","17027370687225948875","48875"
"t","char","572","3697217129346318367","118077030763490914","13044477795556277573","4129","12499845058563880882","2","16859771955666087508","87508"
"t","char","573","13044477795556277573","3697217129346318367","10376565569750715645","4129","3112043178155985640","2","27118260494653312270","12270"
"p","char","574","10376565569750715645","13044477795556277573","218266797827688973","22104","1024444472823151913","3","23639310163134682526","82526"
"s","char","575","218266797827688973","10376565569750715645","9471100992759660854","135347","11326563810958802226","7","20065933360338065133","65133"
":","char","576","9471100992759660854","218266797827688973","7873322115840253847","103671","2109766642052493901","4","17562689906427604209","4209"
"/","char","577","7873322115840253847","9471100992759660854","13289502633766492201","49688","17542876274751060483","1","30633925742366406471","6471"
"/","char","578","13289502633766492201","7873322115840253847","8492526925077590115","49688","2763720906135813565","6","29655351674684336723","36723"
"e","char","579","8492526925077590115","13289502633766492201","15601797325204448012","54385","17000241450979165086","2","37383826884048530947","30947"
"n","char","580","15601797325204448012","8492526925077590115","6300347680104841160","54699","5094628599935389995","4","30394671930386878944","78944"
".","char","581","6300347680104841160","15601797325204448012","13050306969022244564","1908","14508396145242971952","5","34952451974331533212","33212"
"w","char","582","13050306969022244564","6300347680104841160","7232540670224587542","9453","3110712673556653493","4","26583195319351672566","72566"
"i","char","583","7232540670224587542","13050306969022244564","17116937847244969221","129732","18043773968292824670","5","37399785486491800966","966"
"k","char","584","17116937847244969221","7232540670224587542","16236852211240722505","118105","8339802229873737680","2","40586330728710279955","79955"
"i","char","585","16236852211240722505","17116937847244969221","12147272353629610632","129732","9179350572965133569","6","45501062412115303043","3043"
"p","char","586","12147272353629610632","16236852211240722505","13895780089097283424","22104","3937481301402719068","3","42279904653967615988","15988"
"e","char","587","13895780089097283424","12147272353629610632","8079594082315055907","54385","6836679632533214365","8","34122646525041949570","49570"
"d","char","588","8079594082315055907","13895780089097283424","10688772455328865862","56064","17156187609939972015","7","32664146626741204797","4797"
"i","char","589","10688772455328865862","8079594082315055907","11898480342897573840","129732","747980528414278414","3","30666846880541495162","95162"
"a","char","590","11898480342897573840","10688772455328865862","11059754526842118279","83890","4262830142117093358","8","33647007325068557359","57359"
".","char","591","11059754526842118279","11898480342897573840","2484196374635867221","1908","525616707602284671","3","25442431244375559968","59968"
"o","char","592","2484196374635867221","11059754526842118279","13453360646215624860","112839","13569023286914855710","7","26997311547693610935","10935"
"r","char","593","13453360646215624860","2484196374635867221","18345286128513715084","30714","2631379281968560362","9","34282843149365207603","7603"
"g","char","594","18345286128513715084","13453360646215624860","2588725612410363092","98611","6962834611145141555","9","34387372387139702462","2462"
"/","char","595","2588725612410363092","18345286128513715084","17085401290510386745","49688","13680380425652959552","8","38019413031434465308","65308"
"w","char","596","17085401290510386745","2588725612410363092","9773202606562318956","9453","8299272418086421848","1","29447329509483068457","68457"
"i","char","597","9773202606562318956","17085401290510386745","14605468725967796957","129732","1843689976981620516","2","41464072623040502203","2203"
"k","char","598","14605468725967796957","9773202606562318956","731623583358061323","118105","6090685104534097928","4","25110294915888176529","76529"
"i","char","599","731623583358061323","14605468725967796957","8946094391733482128","129732","10669105018461656643","8","24283186701059340079","40079"
"/","char","600","8946094391733482128","731623583358061323","5935999639589702797","49688","16289960524728882948","1","15613717614681245616","45616"
"b","char","601","5935999639589702797","8946094391733482128","14211542735784741817","30816","14724397492824134497","7","29093636767107927165","27165"
"h","char","602","14211542735784741817","5935999639589702797","16187589471396777551","95920","6561449348134378117","8","36335131846771221583","21583"
"a","char","603","16187589471396777551","14211542735784741817","17187324423852364402","83890","9120536237672263281","7","47586456631033883421","83421"
"r","char","604","17187324423852364402","16187589471396777551","17920155927686024477","30714","8120796315806302724","1","51295069822935165975","65975"
"a","char","605","17920155927686024477","17187324423852364402","4435432864723244867","83890","7387688336471043363","6","39542913216261634451","34451"
"t","char","606","4435432864723244867","17920155927686024477","16706176219456065475","4129","11797930232166113518","1","39061765011865334391","34391"
"_","char","607","16706176219456065475","4435432864723244867","5050072648150117704","134911","8786306798835967664","8","26191681732329427465","27465"
"e","char","608","5050072648150117704","16706176219456065475","5248999860451067224","54385","15574027951873580725","5","27005248728057250975","50975"
"l","char","609","5248999860451067224","5050072648150117704","1935148669926710911","87186","15487676986491139654","4","12234221178527896401","96401"
"e","char","610","1935148669926710911","5248999860451067224","13854900123229575307","54385","9578169935453203842","3","21039048653607352982","52982"
"c","char","611","13854900123229575307","1935148669926710911","7714689128147357903","23172","6805229273802171779","3","23504737921303644560","44560"
"t","char","612","7714689128147357903","13854900123229575307","11231126870436968739","4129","17665208297508628322","6","32800716121813902275","2275"
"r","char","613","11231126870436968739","7714689128147357903","10063047186370344559","30714","426579567549704533","1","29008863184954671873","71873"
"o","char","614","10063047186370344559","11231126870436968739","4596620232806893831","112839","1553840419435899172","4","25890794289614206686","6686"
"n","char","615","4596620232806893831","10063047186370344559","11456419605970203176","54699","11672485835324832544","2","26116087025147442292","42292"
"i","char","616","11456419605970203176","4596620232806893831","15415737257522384576","129732","56885809570590560","7","31468777096299481275","81275"
"c","char","617","15415737257522384576","11456419605970203176","4298126747224097005","23172","5465341234505085896","9","31170283610716684070","84070"
"s","char","618","4298126747224097005","15415737257522384576","0","135347","11930451270772045778","9","19713864004746481907","81907"
