"c","subword_frequency","0","13345704679051884329","0","12491137745023758426","23172","2810824558098790990","2","25836842424075642793","42793"
"o","subword_frequency","1","12491137745023758426","13345704679051884329","11241067680105480545","112839","3705923871607971710","6","37077910104181123256","23256"
"m","subword_frequency","2","11241067680105480545","12491137745023758426","10346296083901819438","105645","159652138576890415","7","34078501509031058334","58334"
"p","subword_frequency","3","10346296083901819438","11241067680105480545","14218615244020245283","22104","1270600867702533013","6","35805979008027545306","45306"
"an","subword_frequency","4","14218615244020245283","10346296083901819438","4432613347753158360","144385","6585901487472656577","3","28997524675675222706","22706"
"y","subword_frequency","5","4432613347753158360","14218615244020245283","5185934958591010695","80982","11796255512465231213","4","23837163550364414217","14217"
",","subword_frequency","6","5185934958591010695","4432613347753158360","17851984775423820008","138105","15694866473738398493","8","27470533081767989110","89110"
"ti","subword_frequency","7","17851984775423820008","5185934958591010695","13315852967295074547","129529","7604754756306071282","1","36353772701309905605","5605"
"c","subword_frequency","8","13315852967295074547","17851984775423820008","13391065527999563900","23172","2809137861162405268","9","44558903270718458369","58369"
"k","subword_frequency","9","13391065527999563900","13315852967295074547","16396746285500280756","118105","2873831609545315014","2","43103664780794919091","19091"
"er","subword_frequency","10","16396746285500280756","13391065527999563900","6420343329275338335","84104","9059985047124046047","7","36208155142775182326","82326"
",","subword_frequency","11","6420343329275338335","16396746285500280756","3465212659290377666","138105","14352652624348500677","4","26282302274065996767","96767"
"e","subword_frequency","12","3465212659290377666","6420343329275338335","11708402123795810570","54385","12547469692096466512","8","21593958112361526559","26559"
"x","subword_frequency","13","11708402123795810570","3465212659290377666","13307856668725154542","64652","4344812607053898341","5","28481471451811342903","42903"
"c","subword_frequency","14","13307856668725154542","11708402123795810570","6632198318816930536","23172","2781105366991822729","4","31648457111337895566","95566"
"ha","subword_frequency","15","6632198318816930536","13307856668725154542","12601079612324660257","143361","13996400950262172938","7","32541134599866744744","44744"
"n","subword_frequency","16","12601079612324660257","6632198318816930536","2412282761014731297","54699","3519420849279731305","1","21645560692156322223","22223"
"g","subword_frequency","17","2412282761014731297","12601079612324660257","9276864308276659985","98611","13784779426832905457","1","24290226681616051668","51668"
"e","subword_frequency","18","9276864308276659985","2412282761014731297","8225382931107167281","54385","2200416708353311875","6","19914530000398558655","58655"
",","subword_frequency","19","8225382931107167281","9276864308276659985","4243701315274415646","138105","17010403154822148267","6","21745948554658242878","42878"
"hq","subword_frequency","20","4243701315274415646","8225382931107167281","5487646270958681029","119601","11877081171079224012","8","17956730517340263577","63577"
"c","subword_frequency","21","5487646270958681029","4243701315274415646","1574729249180294268","23172","15140944219211626146","3","11306076835413390932","90932"
"it","subword_frequency","22","1574729249180294268","5487646270958681029","5361068965563493012","10684","10082985972089791011","9","12423444485702468885","68885"
"y","subword_frequency","23","5361068965563493012","1574729249180294268","13237692258496014708","80982","15299060435843334433","8","20173490473239801853","1853"
",","subword_frequency","24","13237692258496014708","5361068965563493012","12844717611791855212","138105","2991167784168089070","5","31443478835851362865","62865"
"so","subword_frequency","25","12844717611791855212","13237692258496014708","9006402018468554253","4571","3203997930364545108","9","35088811888756423724","23724"
"u","subword_frequency","26","9006402018468554253","12844717611791855212","8776368910958122172","5150","16341965816101758448","6","30627488541218531783","31783"
"r","subword_frequency","27","8776368910958122172","9006402018468554253","14437439785754037288","30714","16716399465020077221","3","32220210715180713569","13569"
"c","subword_frequency","28","14437439785754037288","8776368910958122172","14189612253362204795","23172","6227193262525235535","8","37403420950074364387","64387"
"e","subword_frequency","29","14189612253362204795","14437439785754037288","9189432258692162812","54385","6547346085661012969","2","37816484297808405016","5016"
"in","subword_frequency","30","9189432258692162812","14189612253362204795","7083002113606830915","127366","16262518367324914329","5","30462046625661198853","98853"
"f","subword_frequency","31","7083002113606830915","9189432258692162812","11643759558826181668","106548","18193585216756677780","6","27916193931125175536","75536"
"o","subword_frequency","32","11643759558826181668","7083002113606830915","17361062341081731729","112839","4585095540335635200","1","36087824013514744455","44455"
"s","subword_frequency","33","17361062341081731729","11643759558826181668","13280482419077918006","135347","7987586448786003393","8","42285304318985831266","31266"
"y","subword_frequency","34","13280482419077918006","17361062341081731729","15578947545995817210","80982","2772732878733903491","9","46220492306155467041","67041"
"s","subword_frequency","35","15578947545995817210","13280482419077918006","6853460759689532149","135347","5045425737269098410","6","35712890724763267214","67214"
"l","subword_frequency","36","6853460759689532149","15578947545995817210","5407102314482751198","87186","13919249338080252292","2","27839510620168100410","410"
"i","subword_frequency","37","5407102314482751198","6853460759689532149","936613043020321183","129732","15365889752204033017","5","13197176117192604379","4379"
"m","subword_frequency","38","936613043020321183","5407102314482751198","10885149685812960868","105645","10576982042354866897","8","17228865043316033098","33098"
"it","subword_frequency","39","10885149685812960868","936613043020321183","7985362032701202116","10684","664466001803583547","8","19807124761534483744","83744"
"ed","subword_frequency","40","7985362032701202116","10885149685812960868","2071936526259751111","94776","17358788092438330143","6","20942448244773913463","13463"
",","subword_frequency","41","2071936526259751111","7985362032701202116","16006838102603995730","138105","9437159920194880605","2","26064136661564948905","48905"
"in","subword_frequency","42","16006838102603995730","2071936526259751111","10137829424956359922","127366","4617543989652388919","4","28216604053820106318","6318"
"f","subword_frequency","43","10137829424956359922","16006838102603995730","14060095699163886553","106548","1335237709057946405","2","40204763226724242070","42070"
"y","subword_frequency","44","14060095699163886553","10137829424956359922","3945465455381268898","80982","6712623156055218284","9","28143390579501515273","15273"
",","subword_frequency","45","3945465455381268898","14060095699163886553","17605031699679257311","138105","12175026755601483064","7","35610592854224412852","12852"
"n","subword_frequency","46","17605031699679257311","3945465455381268898","7593054292931052947","54699","7667055896530837655","1","29143551447991579059","79059"
"s","subword_frequency","47","7593054292931052947","17605031699679257311","9852699908155938492","135347","17827652090969621187","6","35050785900766248659","48659"
"e","subword_frequency","48","9852699908155938492","7593054292931052947","17635427522016303675","54385","1624862561969362222","8","35081181723103294966","94966"
"/","subword_frequency","49","17635427522016303675","9852699908155938492","18399571813302052445","49688","7677201799509741504","3","45887699243474294645","94645"
"b","subword_frequency","50","18399571813302052445","17635427522016303675","4340033404062217915","30816","7020848680383498718","9","40375032739380574145","74145"
"s","subword_frequency","51","4340033404062217915","18399571813302052445","18270590146316978862","135347","11677161875624866283","2","41010195363681249055","49055"
"e","subword_frequency","52","18270590146316978862","4340033404062217915","4011563373400967597","54385","7185868511738759484","9","26622186923780164250","64250"
",","subword_frequency","53","4011563373400967597","18270590146316978862","3265407626800171713","138105","12221808532402193719","5","25547561146518118204","18204"
"be","subword_frequency","54","3265407626800171713","4011563373400967597","1926654703793283091","49506","12927150995781311552","6","9203625703994421785","21785"
"n","subword_frequency","55","1926654703793283091","3265407626800171713","17732404654885549796","54699","9550907238060286555","2","22924466985479004766","4766"
"g","subword_frequency","56","17732404654885549796","1926654703793283091","6182148104414341018","98611","7503368254104379444","1","25841207463093173745","73745"
"a","subword_frequency","57","6182148104414341018","17732404654885549796","7287453533019469735","83890","14698657691606218699","2","31202006292319360402","60402"
"l","subword_frequency","58","7287453533019469735","6182148104414341018","8728545140076847798","87186","18092443879829976278","1","22198146777510658398","58398"
"u","subword_frequency","59","8728545140076847798","7287453533019469735","6773679662220672246","5150","16651351770236428619","4","22789678335316989600","89600"
"r","subword_frequency","60","6773679662220672246","8728545140076847798","5777377293547330539","30714","13850689240188361967","3","21279602095844850416","50416"
"u","subword_frequency","61","5777377293547330539","6773679662220672246","11828076586007677527","5150","14851226360700622870","4","24379133541775680171","80171"
",","subword_frequency","62","11828076586007677527","5777377293547330539","10559373153178703568","138105","4184615111223133901","9","28164827032733711609","11609"
"h","subword_frequency","63","10559373153178703568","11828076586007677527","10697054218819797289","95920","917912261492193155","2","33084503958006178273","78273"
"t","subword_frequency","64","10697054218819797289","10559373153178703568","12006455878958773209","4129","739975292030977771","9","33262883250957274184","74184"
"t","subword_frequency","65","12006455878958773209","10697054218819797289","14869251167927583026","4129","4082787644628890651","2","37572761265706153405","53405"
"p","subword_frequency","66","14869251167927583026","12006455878958773209","12023322069952349429","22104","5795368084909654153","2","38899029116838705751","5751"
"s","subword_frequency","67","12023322069952349429","14869251167927583026","18346181007797421904","135347","4101673156539859877","4","45238754245677354192","54192"
":","subword_frequency","68","18346181007797421904","12023322069952349429","4274150299866014294","103671","6966439521915929668","3","34643653377615785594","85594"
"/","subword_frequency","69","4274150299866014294","18346181007797421904","15652081960832009289","49688","11918684828421453741","1","38272413268495445436","45436"
"/","subword_frequency","70","15652081960832009289","4274150299866014294","3640516924639848562","49688","5116128913889055154","4","23566749185337872133","72133"
"en","subword_frequency","71","3640516924639848562","15652081960832009289","11849327096786094586","101098","12444236747509904763","6","31141925982257953001","53001"
".","subword_frequency","72","11849327096786094586","3640516924639848562","11770672133568148771","1908","4199111389920565613","9","27260516154994091810","91810"
"w","subword_frequency","73","11770672133568148771","11849327096786094586","14279245262201799472","9453","4426662711697507885","1","37899244492556043024","43024"
"i","subword_frequency","74","14279245262201799472","11770672133568148771","18325390104035268513","129732","6349345743373446679","1","44375307499805216850","16850"
"k","subword_frequency","75","18325390104035268513","14279245262201799472","6183472220950998562","118105","6946701873032678683","8","38788107587188066411","66411"
"i","subword_frequency","76","6183472220950998562","18325390104035268513","2069902190069073731","129732","14692820612415865605","5","26578764515055340930","40930"
"p","subword_frequency","77","2069902190069073731","6183472220950998562","3081996206741802824","22104","9407664111179728632","5","11335370617761875185","75185"
"ed","subword_frequency","78","3081996206741802824","2069902190069073731","8188014556524520320","94776","13038495424420555411","2","13339912953335396545","96545"
"i","subword_frequency","79","8188014556524520320","3081996206741802824","10402510099187305051","129732","17264217540164013735","6","21672520862453628134","28134"
"a","subword_frequency","80","10402510099187305051","8188014556524520320","6250746536992172422","83890","1038742081777162762","4","24841271192703997935","97935"
".","subword_frequency","81","6250746536992172422","10402510099187305051","13952677532050554275","1908","14449910880185514257","1","30605934168230031864","31864"
"or","subword_frequency","82","13952677532050554275","6250746536992172422","3485417409083899966","31944","6887877342306080392","9","23688841478126626925","26925"
"g","subword_frequency","83","3485417409083899966","13952677532050554275","2171477981178611930","98611","12567797321775224558","2","19609572922313066362","66362"
"/","subword_frequency","84","2171477981178611930","3485417409083899966","4763361941190185525","49688","9229522711181040929","4","10420257331452697293","97293"
"w","subword_frequency","85","4763361941190185525","2171477981178611930","15358784614428834856","9453","15865519356925452603","2","22293624536797632490","32490"
"i","subword_frequency","86","15358784614428834856","4763361941190185525","14816504138230111608","129732","5409426247403278607","7","34938650693849132175","32175"
"k","subword_frequency","87","14816504138230111608","15358784614428834856","7246853109492682883","118105","6028549387950213058","5","37422141862151629417","29417"
"i","subword_frequency","88","7246853109492682883","14816504138230111608","14983723504613233497","129732","18061272032574012836","5","37047080752336027930","27930"
"/","subword_frequency","89","14983723504613233497","7246853109492682883","15303314581618535839","49688","5892846427161085602","5","37533891195724452340","52340"
"in","subword_frequency","90","15303314581618535839","14983723504613233497","7394071539612137757","127366","5356805469636905978","2","37681109625843907552","7552"
"f","subword_frequency","91","7394071539612137757","15303314581618535839","501174640739691525","106548","17918271895993847498","7","23198560761970365306","65306"
"o","subword_frequency","92","501174640739691525","7394071539612137757","15482509581621129944","112839","11007921290308420385","1","23377755761972959437","59437"
"s","subword_frequency","93","15482509581621129944","501174640739691525","2370202844165948694","135347","5254458137618445704","5","18353887066526769958","69958"
"y","subword_frequency","94","2370202844165948694","15482509581621129944","18010941968698449100","80982","13750579642179743395","7","35863654394485527918","27918"
"s","subword_frequency","95","18010941968698449100","2370202844165948694","2964938279284470306","135347","7477314526963407772","6","23346083092148867921","67921"
"w","subword_frequency","96","2964938279284470306","18010941968698449100","16188068364582769741","9453","13191863675410891052","9","37163948612565689369","89369"
"i","subword_frequency","97","16188068364582769741","2964938279284470306","1383752521552703762","129732","9120048531145079146","3","20536759165419943886","43886"
"p","subword_frequency","98","1383752521552703762","16188068364582769741","18428515038043064814","22104","10161081935443325097","1","36000335924178538500","38500"
"r","subword_frequency","99","18428515038043064814","1383752521552703762","15932640436016547617","30714","7027943568451676663","6","35744907995612316005","16005"
"o","subword_frequency","100","15932640436016547617","18428515038043064814","2078303284110102565","112839","4840074059805403141","1","36439458758169715215","15215"
"l","subword_frequency","101","2078303284110102565","15932640436016547617","446231059556174149","87186","9430788764292731732","5","18457174779682824535","24535"
"i","subword_frequency","102","446231059556174149","2078303284110102565","797540699012938397","129732","10954493109917049954","6","3322075042679215199","15199"
"m","subword_frequency","103","797540699012938397","446231059556174149","6319865377302165826","105645","10747302519711543763","4","7563637135871278284","78284"
"it","subword_frequency","104","6319865377302165826","797540699012938397","10429097881815945272","10684","14520684553552070429","3","17546503958131049777","49777"
"ed","subword_frequency","105","10429097881815945272","6319865377302165826","4664725866480025448","94776","1048460194577905123","5","21413689125598137235","37235"
",","subword_frequency","106","4664725866480025448","10429097881815945272","11663008092259946565","138105","16035935965919032306","6","26756831840555917436","17436"
"w","subword_frequency","107","11663008092259946565","4664725866480025448","9808514488819054152","9453","4606106720353428299","3","26136248447559026270","26270"
"i","subword_frequency","108","9808514488819054152","11663008092259946565","11478821564739091238","129732","1596999187671980911","5","32950344145818092035","92035"
"p","subword_frequency","109","11478821564739091238","9808514488819054152","1407584906990582784","22104","106836092552755869","2","22694920960548728332","28332"
"r","subword_frequency","110","1407584906990582784","11478821564739091238","17077114902253901498","30714","10214100984679373849","6","29963521373983575755","75755"
"o","subword_frequency","111","17077114902253901498","1407584906990582784","8348669575249958262","112839","8271248014590065054","6","26833369384494442454","42454"
",","subword_frequency","112","8348669575249958262","17077114902253901498","11000905342838553622","138105","17143821728104520172","4","36426689820342413499","13499"
"n","subword_frequency","113","11000905342838553622","8348669575249958262","8298259703692153851","54699","476370725993709150","5","27647834621780665957","65957"
"s","subword_frequency","114","8298259703692153851","11000905342838553622","13219020037906273227","135347","17086145187122500779","5","32518185084436980478","80478"
"e","subword_frequency","115","13219020037906273227","8298259703692153851","2036010611661065851","54385","2973533636873277529","1","23553290353259492748","92748"
"/","subword_frequency","116","2036010611661065851","13219020037906273227","5910308145321785381","49688","9400742384907099008","5","21165338794889124553","24553"
"b","subword_frequency","117","5910308145321785381","2036010611661065851","5332766914481509223","30816","14714060739889420198","9","13279085671464360674","60674"
"s","subword_frequency","118","5332766914481509223","5910308145321785381","3666247675824250728","135347","15291606364481508407","4","14909322735627545370","45370"
"e","subword_frequency","119","3666247675824250728","5332766914481509223","7392548317558584991","54385","12454240154288020730","3","16391562907864344977","44977"
",","subword_frequency","120","7392548317558584991","3666247675824250728","16966982767791310842","138105","17915568075663751685","8","28025778761174146462","46462"
"be","subword_frequency","121","16966982767791310842","7392548317558584991","13788357310555281519","49506","8449224968584647035","2","38147888395905176629","76629"
"n","subword_frequency","122","13788357310555281519","16966982767791310842","10863820384467212312","54699","2408700479257287207","1","41619160462813804692","4692"
"g","subword_frequency","123","10863820384467212312","13788357310555281519","4912861055405092810","98611","644985262630031048","7","29565038750427586860","86860"
"a","subword_frequency","124","4912861055405092810","10863820384467212312","15742572428654664891","83890","15716019675780857755","4","31519253868526969833","69833"
"l","subword_frequency","125","15742572428654664891","4912861055405092810","15135530808539707245","87186","4922332748747710410","4","35790964292599464846","64846"
"u","subword_frequency","126","15135530808539707245","15742572428654664891","17429563341100993944","5150","5493068477735040144","2","48307666578295366126","66126"
"r","subword_frequency","127","17429563341100993944","15135530808539707245","3314095552696681612","30714","8058424323973262721","7","35879189702337382749","82749"
"u","subword_frequency","128","3314095552696681612","17429563341100993944","574274611978093314","5150","12955011017854388081","1","21317933505775768848","68848"
",","subword_frequency","129","574274611978093314","3314095552696681612","12763869834369140311","138105","11083149839975927704","9","16652239999043915411","15411"
"h","subword_frequency","130","12763869834369140311","574274611978093314","9138026789856332042","95920","3392659969717004036","7","22476171236203565745","65745"
"t","subword_frequency","131","9138026789856332042","12763869834369140311","5561514888571515880","4129","16206118915786297032","8","27463411512796988464","88464"
"t","subword_frequency","132","5561514888571515880","9138026789856332042","8261302551470873356","4129","15211191322231338026","6","22960844229898721066","21066"
"p","subword_frequency","133","8261302551470873356","5561514888571515880","14946099606143842632","22104","17046532916503567031","8","28768917046186232098","32098"
"s","subword_frequency","134","14946099606143842632","8261302551470873356","1439757374492625796","135347","5862648630225845784","3","24647159532107341892","41892"
":","subword_frequency","135","1439757374492625796","14946099606143842632","19582379292553619","103671","10217667056017721488","5","16405439359929021985","21985"
"/","subword_frequency","136","19582379292553619","1439757374492625796","7067090941818634104","49688","11417447114403062888","2","8526430695603813409","13409"
"/","subword_frequency","137","7067090941818634104","19582379292553619","11538124609434174574","49688","18168682521185987203","2","18624797930545362370","62370"
"en","subword_frequency","138","11538124609434174574","7067090941818634104","5546855214157951889","101098","4479074514274769255","5","24152070765410761342","61342"
".","subword_frequency","139","5546855214157951889","11538124609434174574","16644149250376997657","1908","15189826619150033670","4","33729129073969124016","24016"
"w","subword_frequency","140","16644149250376997657","5546855214157951889","18415726685403218684","9453","8704503937540925463","7","40606731149938167966","67966"
"i","subword_frequency","141","18415726685403218684","16644149250376997657","3563528359045498456","129732","7036509796424773595","2","38623404294825715054","15054"
"k","subword_frequency","142","3563528359045498456","18415726685403218684","6870863273185979954","118105","12629020866179914978","8","28850118317634697171","97171"
"i","subword_frequency","143","6870863273185979954","3563528359045498456","3915062721438208176","129732","13937880015347860245","1","14349454353669686841","86841"
"p","subword_frequency","144","3915062721438208176","6870863273185979954","7960820889876310827","22104","12133367497451180299","7","18746746884500499222","99222"
"ed","subword_frequency","145","7960820889876310827","3915062721438208176","2002664398302933826","94776","17315775223714205424","7","13878548009617452486","52486"
"i","subword_frequency","146","2002664398302933826","7960820889876310827","9470413587470709655","129732","9655045875164290661","8","19433898875649954058","54058"
"a","subword_frequency","147","9470413587470709655","2002664398302933826","15795486683605896106","83890","2115235256554857414","2","27268564669379539534","39534"
".","subword_frequency","148","15795486683605896106","9470413587470709655","16521882752080518601","1908","4973010596705180477","8","41787783023157124297","24297"
"or","subword_frequency","149","16521882752080518601","15795486683605896106","16974591293519213708","31944","8898828549533234914","4","49291960729205628606","28606"
"g","subword_frequency","150","16974591293519213708","16521882752080518601","1118600405056801671","98611","8477645188355891804","6","34615074450656534234","34234"
"/","subword_frequency","151","1118600405056801671","16974591293519213708","4256681389741972362","49688","10498287230758526588","6","22349873088317987672","87672"
"w","subword_frequency","152","4256681389741972362","1118600405056801671","14457833304847504986","9453","11900124928666347652","4","19833115099646278785","78785"
"i","subword_frequency","153","14457833304847504986","4256681389741972362","12465550525228363803","129732","6238597585348017021","2","31180065219817841404","41404"
"k","subword_frequency","154","12465550525228363803","14457833304847504986","15160670028020512749","118105","3659721778220362401","7","42084053858096381787","81787"
"i","subword_frequency","155","15160670028020512749","12465550525228363803","5489449430883745847","129732","5499735900561513162","8","33115669984132622134","22134"
"/","subword_frequency","156","5489449430883745847","15160670028020512749","17347297718509427706","49688","15139141059268351436","6","37997417177413686500","86500"
"w","subword_frequency","157","17347297718509427706","5489449430883745847","749544782163901202","9453","7965322806902876404","3","23586291931557074474","74474"
"i","subword_frequency","158","749544782163901202","17347297718509427706","677616225270627380","129732","10687484724367463989","5","18774458725943956018","56018"
"p","subword_frequency","159","677616225270627380","749544782163901202","2361532228922430497","22104","10903243167578865039","7","3788693236356959319","59319"
"r","subword_frequency","160","2361532228922430497","677616225270627380","14000626327716424510","30714","13759236513512895544","3","17039774781909482672","82672"
"o","subword_frequency","161","14000626327716424510","2361532228922430497","10809915943385586172","112839","6664006720539116570","8","27172074500024440903","40903"
"b","subword_frequency","162","10809915943385586172","14000626327716424510","14431272705321213775","30816","591080956528146047","3","39241814976423224201","24201"
"i","subword_frequency","163","14431272705321213775","10809915943385586172","12402996116032362102","129732","6228856146337886824","4","37644184764739161804","61804"
"o","subword_frequency","164","12402996116032362102","14431272705321213775","18352037626831226495","112839","3609409673816095058","8","45186306448184802619","2619"
"c","subword_frequency","165","18352037626831226495","12402996116032362102","1935515949626354982","23172","6960578500573072152","8","32690549692489943824","43824"
"on","subword_frequency","166","1935515949626354982","18352037626831226495","3629810866758331082","135362","9577797656471759367","9","23917364443215912887","12887"
"l","subword_frequency","167","3629810866758331082","1935515949626354982","16248828232307571125","87186","12423413188475709883","5","21814155048692257465","57465"
"i","subword_frequency","168","16248828232307571125","3629810866758331082","4596859859256846648","129732","9171605477008446610","1","24475498958322748593","48593"
"m","subword_frequency","169","4596859859256846648","16248828232307571125","13369156355293400635","105645","11672250611157017206","7","34214844446857818132","18132"
"it","subword_frequency","170","13369156355293400635","4596859859256846648","5594943711425911300","10684","2864202940513841252","7","23560959925976158365","58365"
"ed","subword_frequency","171","5594943711425911300","13369156355293400635","4539126999864558361","94776","15245320329246293983","1","23503227066583870059","70059"
",","subword_frequency","172","4539126999864558361","5594943711425911300","10228813310687764199","138105","11585877606848679811","9","20362884021978234029","34029"
"b","subword_frequency","173","10228813310687764199","4539126999864558361","18373890715286897413","30816","1424107507311522148","3","33141831025839220244","20244"
"i","subword_frequency","174","18373890715286897413","10228813310687764199","941490181385096109","129732","6974481500143119906","5","29544194207359757497","57497"
"o","subword_frequency","175","941490181385096109","18373890715286897413","6095190080238477559","112839","10603621889411523721","2","25410570976910470789","70789"
"c","subword_frequency","176","6095190080238477559","941490181385096109","11351311142568655729","23172","14600967602788543888","9","18387991404192229631","29631"
"on","subword_frequency","177","11351311142568655729","6095190080238477559","13742574908325667891","135362","265867335562656848","6","31189076131132800338","338"
",","subword_frequency","178","13742574908325667891","11351311142568655729","3361712452899957698","138105","2341896717644802217","6","28455598503794281505","81505"
"n","subword_frequency","179","3361712452899957698","13742574908325667891","17260853016623460090","54699","12722750394098690442","6","34365140377849085459","85459"
"s","subword_frequency","180","17260853016623460090","3361712452899957698","17891361188003777846","135347","8195891497232738730","1","38513926657527195852","95852"
"e","subword_frequency","181","17891361188003777846","17260853016623460090","12213258727170228492","54385","7385229990646533796","7","47365472931797466141","66141"
"/","subword_frequency","182","12213258727170228492","17891361188003777846","12599015528757106429","49688","3983802910924117239","4","42703635443931112989","12989"
"b","subword_frequency","183","12599015528757106429","12213258727170228492","14052699622353513772","30816","3526257380261591422","7","38864973878280848922","48922"
"s","subword_frequency","184","14052699622353513772","12599015528757106429","9872207038728633728","135347","6715516183008520828","1","36523922189839253631","53631"
"e","subword_frequency","185","9872207038728633728","14052699622353513772","1311025039753758572","54385","1672636764105129490","3","25235931700835905853","5853"
",","subword_frequency","186","1311025039753758572","9872207038728633728","10915636323351102641","138105","10089976223805983734","8","22098868401833494972","94972"
"be","subword_frequency","187","10915636323351102641","1311025039753758572","1083757309576468832","49506","669726681988911664","6","13310418672681330812","30812"
"n","subword_frequency","188","1083757309576468832","10915636323351102641","1415396745795776903","54699","10465589547406891816","9","13414790378723348105","48105"
"g","subword_frequency","189","1415396745795776903","1083757309576468832","10520414835963855703","98611","10201504651100464983","6","13019568891336101219","1219"
"a","subword_frequency","190","10520414835963855703","1415396745795776903","961362381187081741","83890","880308818130948870","3","12897173962946714123","14123"
"l","subword_frequency","191","961362381187081741","10520414835963855703","12405342268872973905","87186","10619497011656828284","8","23887119486023911627","11627"
"u","subword_frequency","192","12405342268872973905","961362381187081741","3207462581909082423","5150","3611843643507498412","6","16574167231969138349","38349"
"r","subword_frequency","193","3207462581909082423","12405342268872973905","10469570022651648564","30714","12877000247951601966","7","26082374873433704592","4592"
"u","subword_frequency","194","10469570022651648564","3207462581909082423","10980258978087430979","5150","1115797380767504841","4","24657291582648162186","62186"
",","subword_frequency","195","10980258978087430979","10469570022651648564","11982480507215813427","138105","456779891484813273","1","33432309507954893076","93076"
"h","subword_frequency","196","11982480507215813427","10980258978087430979","10602483261760620581","95920","4070457125223463520","5","33565222747063864687","64687"
"t","subword_frequency","197","10602483261760620581","11982480507215813427","15559578196855005392","4129","942641981681946599","4","38144541965831439645","39645"
"t","subword_frequency","198","15559578196855005392","10602483261760620581","16970227025802517798","4129","5321495918647912210","1","43132288484418144057","44057"
"p","subword_frequency","199","16970227025802517798","15559578196855005392","10264346257975874551","22104","8481723028960746653","1","42794151480633397473","97473"
"s","subword_frequency","200","10264346257975874551","16970227025802517798","13427402293339112335","135347","1172397362654123175","1","40661975577117504384","4384"
":","subword_frequency","201","13427402293339112335","10264346257975874551","1778656511076159318","103671","2621322066378768539","6","25470405062391145946","45946"
"/","subword_frequency","202","1778656511076159318","13427402293339112335","18026734639934144785","49688","9698632730408786605","6","33232793444349416528","16528"
"/","subword_frequency","203","18026734639934144785","1778656511076159318","6730277919033168704","49688","7213827741707949290","7","26535669070043473026","73026"
"en","subword_frequency","204","6730277919033168704","18026734639934144785","7918123758865748576","101098","14074234418721099337","4","32675136317833061262","61262"
".","subword_frequency","205","7918123758865748576","6730277919033168704","17458252770627958515","1908","17570136585068315383","5","32106654448526875855","75855"
"w","subword_frequency","206","17458252770627958515","7918123758865748576","14117646283286908549","9453","7818061885119759869","1","39494022812780615838","15838"
"i","subword_frequency","207","14117646283286908549","17458252770627958515","4365462411581457700","129732","6763436624047661986","2","35941361465496325087","25087"
"k","subword_frequency","208","4365462411581457700","14117646283286908549","13730285659058710776","118105","11719005417589202846","2","32213394353927076760","76760"
"i","subword_frequency","209","13730285659058710776","4365462411581457700","311836583087411643","129732","2358971097304384991","1","18407584653727580316","80316"
"p","subword_frequency","210","311836583087411643","13730285659058710776","8056946222867248450","22104","11125197304318545920","5","22099068465013370668","70668"
"ed","subword_frequency","211","8056946222867248450","311836583087411643","9286619585224440497","94776","17431037632548278425","9","17655402391179100901","901"
"i","subword_frequency","212","9286619585224440497","8056946222867248450","16455531427256363103","129732","2222468099504773014","6","33799097235348052376","52376"
"a","subword_frequency","213","16455531427256363103","9286619585224440497","5873937438174481677","83890","8821059755700434958","4","31616088450655285542","85542"
".","subword_frequency","214","5873937438174481677","16455531427256363103","7513045264748736695","1908","14966327169421516186","8","29842514130179581216","81216"
"or","subword_frequency","215","7513045264748736695","5873937438174481677","7314562223849101404","31944","17759042868303010716","4","20701544926772320401","20401"
"g","subword_frequency","216","7314562223849101404","7513045264748736695","12414661889012464108","98611","18137669361723133580","4","27242269377610302399","2399"
"/","subword_frequency","217","12414661889012464108","7314562223849101404","974141133071868378","49688","3638561668022381591","6","20703365245933433627","33627"
"w","subword_frequency","218","974141133071868378","12414661889012464108","12526359076026100879","9453","10643027960550380244","4","25915162098110433033","33033"
"i","subword_frequency","219","12526359076026100879","974141133071868378","6490184091868390203","129732","3738524867402318248","9","19990684300966359767","59767"
"k","subword_frequency","220","6490184091868390203","12526359076026100879","17629045433788814701","118105","14134193056848984449","3","36645588601683305582","5582"
"i","subword_frequency","221","17629045433788814701","6490184091868390203","17002103708939253587","129732","7679071474808010826","1","41121333234596458188","58188"
"/","subword_frequency","222","17002103708939253587","17629045433788814701","4227917955929008249","49688","8486156669390922408","1","38859067098657076293","76293"
"b","subword_frequency","223","4227917955929008249","17002103708939253587","2685236011137148700","30816","11861334917781719034","5","23915257676005410733","10733"
"i","subword_frequency","224","2685236011137148700","4227917955929008249","15835036683331275718","129732","13507604069268638267","5","22748190650397432463","32463"
"o","subword_frequency","225","15835036683331275718","2685236011137148700","10250229180283880314","112839","5041252353302701282","9","28770501874752304424","4424"
"c","subword_frequency","226","10250229180283880314","15835036683331275718","7488400436909492146","23172","1186514440378764829","5","33573666300524647852","47852"
"on","subword_frequency","227","7488400436909492146","10250229180283880314","7281522667272026881","135362","18004086451235537043","8","25020152284465398454","98454"
"ti","subword_frequency","228","7281522667272026881","7488400436909492146","92065273994633666","129529","18102873942832600347","2","14861988378176152051","52051"
"t","subword_frequency","229","92065273994633666","7281522667272026881","7147967652365914152","4129","11488802876262245888","4","14521555593632574408","74408"
"an","subword_frequency","230","7147967652365914152","92065273994633666","5322519476965922255","144385","18232215113820369866","8","12562552403326470868","70868"
"c","subword_frequency","231","5322519476965922255","7147967652365914152","12712591217394363189","23172","15558277527240906920","3","25183078346726199263","99263"
"o","subword_frequency","232","12712591217394363189","5322519476965922255","7538626647669143496","112839","3340346986301785105","3","25573737342029428739","28739"
"m","subword_frequency","233","7538626647669143496","12712591217394363189","5903665368847713263","105645","17773998297250593926","7","26154883233911219640","19640"
"p","subword_frequency","234","5903665368847713263","7538626647669143496","14178399032451825177","22104","14977127271682163284","1","27620691048968681583","81583"
"an","subword_frequency","235","14178399032451825177","5903665368847713263","5935111557216651154","144385","6554060676239187451","1","26017175958516189432","89432"
"y","subword_frequency","236","5935111557216651154","14178399032451825177","11680793330681226176","80982","14729789204936813607","5","31794303920349702361","2361"
"l","subword_frequency","237","11680793330681226176","5935111557216651154","15559285179774517333","87186","4336397018362634417","6","33175190067672394373","94373"
"i","subword_frequency","238","15559285179774517333","11680793330681226176","4891072670917615623","129732","5321802125609774450","9","32131151181373359356","59356"
"m","subword_frequency","239","4891072670917615623","15559285179774517333","7063909052333425108","105645","15985506086996044617","1","27514266903025558416","58416"
"it","subword_frequency","240","7063909052333425108","4891072670917615623","17446001616238496777","10684","18176372386871099275","1","29400983339489537670","37670"
"ed","subword_frequency","241","17446001616238496777","7063909052333425108","2557732573627784597","94776","7794569527108413906","4","27067643242199707323","7323"
",","subword_frequency","242","2557732573627784597","17446001616238496777","15907028002945006826","138105","13639606119938265359","9","35910762192811287935","87935"
"ti","subword_frequency","243","15907028002945006826","2557732573627784597","4468656259469472356","129529","4825154044703412976","3","22933416836042264414","64414"
"t","subword_frequency","244","4468656259469472356","15907028002945006826","8309871739617817626","4129","11544030451327006118","6","28685556002032296980","96980"
"an","subword_frequency","245","8309871739617817626","4468656259469472356","1986561893126866313","144385","17106327149110466552","1","14765089892214157137","57137"
",","subword_frequency","246","1986561893126866313","8309871739617817626","11514593020076296737","138105","9630620411775551763","4","21811026652820980455","80455"
"n","subword_frequency","247","11514593020076296737","1986561893126866313","1023297866421265691","54699","142836323855779945","9","14524452779624429039","29039"
"s","subword_frequency","248","1023297866421265691","11514593020076296737","9366904695433351741","135347","10377421939391980107","2","21904795581930914005","14005"
"e","subword_frequency","249","9366904695433351741","1023297866421265691","14759134645536330063","54385","2290809971757486511","1","25149337207390947780","47780"
"/","subword_frequency","250","14759134645536330063","9366904695433351741","3481907037374115479","49688","5973325041690330292","9","27607946378343797051","97051"
"b","subword_frequency","251","3481907037374115479","14759134645536330063","12048329166981397987","30816","12566522601714745620","6","30289370849891843882","43882"
"s","subword_frequency","252","12048329166981397987","3481907037374115479","10721716517163150146","135347","4108191278365604531","6","26251952721518663276","63276"
"e","subword_frequency","253","10721716517163150146","12048329166981397987","17690690445616369986","54385","791588881287080144","4","40460736129760917840","17840"
",","subword_frequency","254","17690690445616369986","10721716517163150146","8331707565545375112","138105","7761545499352096216","5","36744114528324895027","95027"
"be","subword_frequency","255","8331707565545375112","17690690445616369986","5238962473119469107","49506","17120243056154579721","5","31261360484281214560","14560"
"n","subword_frequency","256","5238962473119469107","8331707565545375112","1636994065662898589","54699","15457463490715323515","4","15207664104327743085","43085"
"g","subword_frequency","257","1636994065662898589","5238962473119469107","1988364851513239392","98611","9836069207212189517","5","8864321390295606913","6913"
"a","subword_frequency","258","1988364851513239392","1636994065662898589","10703485383673648028","83890","9633040127842285361","4","14328844300849785663","85663"
"l","subword_frequency","259","10703485383673648028","1988364851513239392","6838303479418937807","87186","773795078873862381","4","19530153714605825055","25055"
"u","subword_frequency","260","6838303479418937807","10703485383673648028","13713837560225752681","5150","13894151796812079666","1","31255626423318338232","38232"
"r","subword_frequency","261","13713837560225752681","6838303479418937807","12371161294668999178","30714","2334605285851367024","8","32923302334313690050","90050"
"u","subword_frequency","262","12371161294668999178","13713837560225752681","14053188619733590740","5150","3861915980708522487","1","40138187474628342963","42963"
",","subword_frequency","263","14053188619733590740","12371161294668999178","8258701866009309816","138105","6715303751408676430","8","34683051780411900010","10"
"h","subword_frequency","264","8258701866009309816","14053188619733590740","2938119839154518372","95920","17053922524838875947","3","25250010324897419066","19066"
"t","subword_frequency","265","2938119839154518372","8258701866009309816","6478999054373374527","4129","13182376769829519014","8","17675820759537202588","2588"
"t","subword_frequency","266","6478999054373374527","2938119839154518372","2139137204728008037","4129","14401806724427927037","4","11556256098255901320","1320"
"p","subword_frequency","267","2139137204728008037","6478999054373374527","9062084051839376410","22104","9482544851510578398","3","17680220310940758848","58848"
"s","subword_frequency","268","9062084051839376410","2139137204728008037","1092816894051649974","135347","16426181278611528522","2","12294038150619034807","34807"
":","subword_frequency","269","1092816894051649974","9062084051839376410","15432015107843478121","103671","10456529945809029794","5","25586916053734504309","4309"
"/","subword_frequency","270","15432015107843478121","1092816894051649974","1241642736215759939","49688","5196870584053499794","6","17766474738110888270","88270"
"/","subword_frequency","271","1241642736215759939","15432015107843478121","17611471044867466180","49688","10307695853007063480","2","34285128888926704555","4555"
"en","subword_frequency","272","17611471044867466180","1241642736215759939","3400228960964971910","101098","7665120116556512973","7","22253342742048197166","97166"
".","subword_frequency","273","3400228960964971910","17611471044867466180","11963391558999674298","1908","12756291467173534993","1","32975091564832112184","12184"
"w","subword_frequency","274","11963391558999674298","3400228960964971910","16161923020072249756","9453","4049290792420425396","6","31525543540036895576","95576"
"i","subword_frequency","275","16161923020072249756","11963391558999674298","8617859928776018376","129732","9114677487286158523","1","36743174507847942045","42045"
"k","subword_frequency","276","8617859928776018376","16161923020072249756","13648090739477829691","118105","16838871369535378290","3","38427873688326097442","97442"
"i","subword_frequency","277","13648090739477829691","8617859928776018376","6478897560422031895","129732","2544740012214170908","8","28744848228675880339","80339"
"p","subword_frequency","278","6478897560422031895","13648090739477829691","10318200157739198537","22104","14402180347510809516","8","30445188457639060510","60510"
"ed","subword_frequency","279","10318200157739198537","6478897560422031895","3124248146120611285","94776","1226920670521740690","6","19921345864281842468","42468"
"i","subword_frequency","280","3124248146120611285","10318200157739198537","1905191587917016490","129732","13073094966996859122","4","15347639891776825938","25938"
"a","subword_frequency","281","1905191587917016490","3124248146120611285","14841506617721964751","83890","9531833559290215931","1","19870946351759592315","92315"
".","subword_frequency","282","14841506617721964751","1905191587917016490","9126448291378881613","1908","6035076508166576216","4","25873146497017863039","63039"
"or","subword_frequency","283","9126448291378881613","14841506617721964751","13138060848211214845","31944","16181664240638496614","3","37106015757312062054","62054"
"g","subword_frequency","284","13138060848211214845","9126448291378881613","16998851434535672912","98611","2910659079140202285","5","39263360574125768980","68980"
"/","subword_frequency","285","16998851434535672912","13138060848211214845","11672362938176805202","49688","8493635968942868907","3","41809275220923693164","93164"
"w","subword_frequency","286","11672362938176805202","16998851434535672912","3189652589997265270","9453","4597024609181706844","1","31860866962709743248","43248"
"i","subword_frequency","287","3189652589997265270","11672362938176805202","15686647515360101531","129732","12859067320190205009","4","30548663043534171858","71858"
"k","subword_frequency","288","15686647515360101531","3189652589997265270","3483807276156502662","118105","5153617109376818721","4","22360107381513869586","69586"
"i","subword_frequency","289","3483807276156502662","15686647515360101531","9951865938966407235","129732","12569408000121548705","6","29122320730483011569","11569"
"/","subword_frequency","290","9951865938966407235","3483807276156502662","6432741681014957920","49688","1453353029715213752","6","19868414896137868025","68025"
"ti","subword_frequency","291","6432741681014957920","9951865938966407235","13597012913252262620","129529","14371771202156005754","8","29981620533233627134","27134"
"t","subword_frequency","292","13597012913252262620","6432741681014957920","4255024543357319615","4129","2487449950931084574","6","24284779137624540263","40263"
"an","subword_frequency","293","4255024543357319615","13597012913252262620","6376477758136680595","144385","11906281556389534301","1","24228515214746262918","62918"
"_","subword_frequency","294","6376477758136680595","4255024543357319615","16945467004020347637","134911","14288431804471777679","1","27576969305514347979","47979"
"c","subword_frequency","295","16945467004020347637","6376477758136680595","7208761730871748241","23172","8438934042844962706","4","30530706493028776608","76608"
"o","subword_frequency","296","7208761730871748241","16945467004020347637","5292370070150320504","112839","18031800620709595573","2","29446598805042416509","16509"
"m","subword_frequency","297","5292370070150320504","7208761730871748241","16230389889115520222","105645","15511873969591425590","5","28731521690137588819","88819"
"p","subword_frequency","298","16230389889115520222","5292370070150320504","18444753852957898664","22104","9154292082973457765","9","39967513812223739549","39549"
"an","subword_frequency","299","18444753852957898664","16230389889115520222","5804390429665210943","144385","7048015077098460234","9","40479534171738628901","28901"
"y","subword_frequency","300","5804390429665210943","18444753852957898664","4362862872681402143","80982","14896271419897649546","8","28612007155304512090","12090"
"m","subword_frequency","301","4362862872681402143","5804390429665210943","7034345770357427734","105645","11726099180202640465","1","17201599072704040662","40662"
"p","subword_frequency","302","7034345770357427734","4362862872681402143","16223301987048738407","22104","18422112316418609069","6","27620510630087568695","68695"
"ha","subword_frequency","303","16223301987048738407","7034345770357427734","16820590487479536749","143361","9156880766217120133","6","40078238244885702779","2779"
"s","subword_frequency","304","16820590487479536749","16223301987048738407","4099855864632116490","135347","8600120831376476989","5","37143748339160391994","91994"
"is","subword_frequency","305","4099855864632116490","16820590487479536749","14676245146315057473","145119","12020921691062969398","9","35596691498426711174","11174"
"l","subword_frequency","306","14676245146315057473","4099855864632116490","249964019062568408","87186","6168531307266976304","9","19026065030009742278","42278"
"i","subword_frequency","307","249964019062568408","14676245146315057473","1463521652227685787","129732","11335407748070643967","6","16389730817605311323","11323"
"m","subword_frequency","308","1463521652227685787","249964019062568408","4816482588856769751","105645","9977725563776644821","2","6529968260147023597","23597"
"it","subword_frequency","309","4816482588856769751","1463521652227685787","7538154870053147181","10684","15915981513612124808","4","13818159111137603322","3322"
"ed","subword_frequency","310","7538154870053147181","4816482588856769751","4890072301656845519","94776","17774474434309060598","2","17244709760566762327","62327"
",","subword_frequency","311","4890072301656845519","7538154870053147181","4330901687940360929","138105","15990733481505988693","8","16759128859650353851","53851"
"m","subword_frequency","312","4330901687940360929","4890072301656845519","18383156420470071116","105645","11686011567063245231","9","27604130410067277671","77671"
"p","subword_frequency","313","18383156420470071116","4330901687940360929","10668309821495919581","22104","7001249024371498743","7","33382367929906351548","51548"
"ha","subword_frequency","314","10668309821495919581","18383156420470071116","6920276421567015791","143361","736913562402743359","1","35971742663533005570","5570"
"s","subword_frequency","315","6920276421567015791","10668309821495919581","11290510452499462321","135347","18320285960081566783","4","28879096695562397550","97550"
"is","subword_frequency","316","11290510452499462321","6920276421567015791","12224398559295080360","145119","187052039134583181","6","30435185433361559153","59153"
",","subword_frequency","317","12224398559295080360","11290510452499462321","17560545975123520941","138105","4004456539890322226","5","41075454986918063392","63392"
"n","subword_frequency","318","17560545975123520941","12224398559295080360","5738642841193941078","54699","7891694402216685541","2","35523587375612541982","41982"
"s","subword_frequency","319","5738642841193941078","17560545975123520941","5775425980960580908","135347","15101898839042526982","9","29074614797278043324","43324"
"e","subword_frequency","320","5775425980960580908","5738642841193941078","11565066606493873145","54385","14848674657749231294","2","23079135428648394967","94967"
"/","subword_frequency","321","11565066606493873145","5775425980960580908","14305369984993951459","49688","4487880410495575554","4","31645862572448405145","5145"
"b","subword_frequency","322","14305369984993951459","11565066606493873145","6371736763959459979","30816","6391060372582207840","1","32242173355447284681","84681"
"s","subword_frequency","323","6371736763959459979","14305369984993951459","10526172760988195153","135347","14293173331209635803","9","31203279509941606760","6760"
"e","subword_frequency","324","10526172760988195153","6371736763959459979","4898532284290866724","54385","874547023361825475","1","21796441809238521774","21774"
",","subword_frequency","325","4898532284290866724","10526172760988195153","12460660386148570674","138105","15982268551015895742","7","27885365431427632857","32857"
"be","subword_frequency","326","12460660386148570674","4898532284290866724","17539481544338730760","49506","3664330459513192627","3","34898674214778168008","68008"
"n","subword_frequency","327","17539481544338730760","12460660386148570674","8742090722396379940","54699","7881220390009253184","9","38742232652883681290","81290"
"g","subword_frequency","328","8742090722396379940","17539481544338730760","16823225771958034644","98611","16673834937739546100","6","43104798038693145200","45200"
"a","subword_frequency","329","16823225771958034644","8742090722396379940","4390940909046965385","83890","8597199124046655621","5","29956257403401380134","80134"
"l","subword_frequency","330","4390940909046965385","16823225771958034644","4551231508978270718","87186","11734331995640522744","3","25765398189983270918","70918"
"u","subword_frequency","331","4551231508978270718","4390940909046965385","1959820390398291400","5150","11609788670573969923","6","10901992808423527052","27052"
"r","subword_frequency","332","1959820390398291400","4551231508978270718","15776687371511238973","30714","9585304857323113937","6","22287739270887800636","636"
"u","subword_frequency","333","15776687371511238973","1959820390398291400","17905542122758355023","5150","4955494689038930624","2","35642049884667885331","85331"
",","subword_frequency","334","17905542122758355023","15776687371511238973","17942020597170961177","138105","7370767546516747477","4","51624250091440555404","55404"
"h","subword_frequency","335","17942020597170961177","17905542122758355023","2736930998389597340","95920","7406632573591951946","5","38584493718318913477","13477"
"t","subword_frequency","336","2736930998389597340","17942020597170961177","3116051276552055959","4129","13532456531730096990","9","23795002872112614668","14668"
"t","subword_frequency","337","3116051276552055959","2736930998389597340","5256799907408552858","4129","13044968348878646101","1","11109782182350206358","6358"
"p","subword_frequency","338","5256799907408552858","3116051276552055959","2514798882667956703","22104","15475668026099720737","1","10887650066628565191","65191"
"s","subword_frequency","339","2514798882667956703","5256799907408552858","1799695763612092644","135347","13605697713509666447","2","9571294553688601750","1750"
":","subword_frequency","340","1799695763612092644","2514798882667956703","13572184934215070385","103671","9713899884381064176","8","17886679580495119867","19867"
"/","subword_frequency","341","13572184934215070385","1799695763612092644","4040162152012198074","49688","2480762061234988874","5","19412042849839361236","61236"
"/","subword_frequency","342","4040162152012198074","13572184934215070385","5500821233779298269","49688","11972524575919269185","7","23113168320006566862","66862"
"en","subword_frequency","343","5500821233779298269","4040162152012198074","15478059221033280503","101098","15159589672628474580","4","25019042606824775916","75916"
".","subword_frequency","344","15478059221033280503","5500821233779298269","9704016838044178068","1908","5258626993198363488","5","30682897292856756451","56451"
"w","subword_frequency","345","9704016838044178068","15478059221033280503","9329681244545398907","9453","1773554445401056666","3","34511757303622857653","57653"
"i","subword_frequency","346","9329681244545398907","9704016838044178068","8080050724377875727","129732","2255975828594546012","1","27113748806967453018","53018"
"k","subword_frequency","347","8080050724377875727","9329681244545398907","10274241950383539951","118105","17155727119483015093","6","27683973919306814513","14513"
"i","subword_frequency","348","10274241950383539951","8080050724377875727","11952441588485504522","129732","1198530514495302600","5","30306734263246920250","20250"
"p","subword_frequency","349","11952441588485504522","10274241950383539951","4312749362926172076","22104","4316950885142462385","5","26539432901795217019","17019"
"ed","subword_frequency","350","4312749362926172076","11952441588485504522","7818560194892633537","94776","11956651339925639799","2","24083751146304309301","9301"
"i","subword_frequency","351","7818560194892633537","4312749362926172076","12055285707852464847","129732","17489274693316901094","9","24186595265671270031","70031"
"a","subword_frequency","352","12055285707852464847","7818560194892633537","7263472753656775706","83890","4142049158924669598","1","27137318656401874152","74152"
".","subword_frequency","353","7263472753656775706","12055285707852464847","8696161063767584412","1908","18084890695733695629","8","28014919525276825345","25345"
"or","subword_frequency","354","8696161063767584412","7263472753656775706","16732892523630211164","31944","16616455033583355319","6","32692526341054570238","70238"
"g","subword_frequency","355","16732892523630211164","8696161063767584412","613618965043208174","98611","8502889147114497676","4","26042672552441004057","4057"
"/","subword_frequency","356","613618965043208174","16732892523630211164","2720113674875712055","49688","10859157867887626773","5","20066625163549131025","31025"
"w","subword_frequency","357","2720113674875712055","613618965043208174","8184223904381609771","9453","13513245573685674297","7","11517956544300530415","30415"
"i","subword_frequency","358","8184223904381609771","2720113674875712055","17164207939062254621","129732","17267731149777226252","7","28068545518319576391","76391"
"k","subword_frequency","359","17164207939062254621","8184223904381609771","13282159092906744889","118105","8071855258197464743","2","38630590936350609709","9709"
"i","subword_frequency","360","13282159092906744889","17164207939062254621","7819613432499219419","129732","2766561384215097630","9","38265980464468219355","19355"
"/","subword_frequency","361","7819613432499219419","13282159092906744889","16896477035641464997","49688","17488499099516042784","6","37998249561047428898","28898"
"m","subword_frequency","362","16896477035641464997","7819613432499219419","4943307135841202057","105645","8379828841185174507","3","29659397603981886686","86686"
"p","subword_frequency","363","4943307135841202057","16896477035641464997","17681604364734440599","22104","15757354159733091890","7","39521388536217107367","7367"
"ha","subword_frequency","364","17681604364734440599","4943307135841202057","17282174143331551760","143361","7734603350203663221","3","39907085643907195124","95124"
"s","subword_frequency","365","17282174143331551760","17681604364734440599","16883644325665584332","135347","8206091135570169152","9","51847422833731577174","77174"
"is","subword_frequency","366","16883644325665584332","17282174143331551760","5516082784732322148","145119","8392942476377429488","3","39681901253729457227","57227"
"m","subword_frequency","367","5516082784732322148","16883644325665584332","3602651802910624858","105645","15184565265150644778","7","26002378913308531116","31116"
"in","subword_frequency","368","3602651802910624858","5516082784732322148","16769686644778541463","127366","12666454230761138751","1","25888421232421487442","87442"
"d","subword_frequency","369","16769686644778541463","3602651802910624858","15498716587682114562","56064","8542937746074398068","6","35871055035371280554","80554"
"t","subword_frequency","370","15498716587682114562","16769686644778541463","14808550459794986384","4129","5269766987425295296","1","47076953692255642899","42899"
"re","subword_frequency","371","14808550459794986384","15498716587682114562","7338685677710629605","23545","6031995103099935114","9","37645952725187730773","30773"
"e","subword_frequency","372","7338685677710629605","14808550459794986384","13127814611461651506","54385","18153805608490572151","8","35275050748967267581","67581"
"(","subword_frequency","373","13127814611461651506","7338685677710629605","13938970909884732300","126647","2889099210403792230","2","34405471199057013793","13793"
"l","subword_frequency","374","13938970909884732300","13127814611461651506","18249466788068401647","87186","6865268731816710397","9","45316252309414785164","85164"
"ti","subword_frequency","375","18249466788068401647","13938970909884732300","4823104934785904207","129529","7166450642905419765","7","37011542632739039193","39193"
"m","subword_frequency","376","4823104934785904207","18249466788068401647","11482596893787811793","105645","15913581275087299841","9","34555168616642117990","17990"
"in","subword_frequency","377","11482596893787811793","4823104934785904207","7237298170917374617","127366","102765514526394804","8","23542999999491089581","89581"
"d","subword_frequency","378","7237298170917374617","11482596893787811793","12352174997780956872","56064","18034512898136606330","5","31072070062486143508","43508"
"t","subword_frequency","379","12352174997780956872","7237298170917374617","15647363170473547293","4129","3845163747342516490","9","35236836339171878897","78897"
"re","subword_frequency","380","15647363170473547293","12352174997780956872","1845389969951307794","23545","5121120950093928967","1","29844928138205810934","10934"
"e","subword_frequency","381","1845389969951307794","15647363170473547293","13723688644055770618","54385","9776010628542331776","1","31216441784480626194","26194"
")","subword_frequency","382","13723688644055770618","1845389969951307794","1606771499454207337","21202","2324754219186675915","7","17175850113461285337","85337"
",","subword_frequency","383","1606771499454207337","13723688644055770618","1969387778837014709","138105","9834488927808330227","7","17299847922346992498","92498"
"l","subword_frequency","384","1969387778837014709","1606771499454207337","16584702296327607280","87186","9611757448395860932","6","20160861574618829471","29471"
"ti","subword_frequency","385","16584702296327607280","1969387778837014709","16437018622041894927","129529","8655860652247498218","8","34991108697206517937","17937"
"m","subword_frequency","386","16437018622041894927","16584702296327607280","8082399239022093503","105645","8803267202318318401","2","41104120157391596203","96203"
",","subword_frequency","387","8082399239022093503","16437018622041894927","16718098223135382140","138105","17157882183046866981","3","41237516084199370652","70652"
"n","subword_frequency","388","16718098223135382140","8082399239022093503","3788058273454446208","54699","8517965476608972852","1","28588555735611922116","22116"
"s","subword_frequency","389","3788058273454446208","16718098223135382140","17279511336595314473","135347","12296686632659636688","5","37785667833185143072","43072"
"e","subword_frequency","390","17279511336595314473","3788058273454446208","17955036107552187943","54385","8212966738264724667","3","39022605717601948544","48544"
"/","subword_frequency","391","17955036107552187943","17279511336595314473","2343463361861614996","49688","7429359991530763228","2","37578010806009117775","17775"
"b","subword_frequency","392","2343463361861614996","17955036107552187943","16066009536470314501","30816","13741289760590959127","4","36364509005884117158","17158"
"s","subword_frequency","393","16066009536470314501","2343463361861614996","10801071260361489954","135347","4666458414292035925","2","29210544158693419954","19954"
"e","subword_frequency","394","10801071260361489954","16066009536470314501","13169091735048230474","54385","851853972910751152","1","40036172531880035367","35367"
",","subword_frequency","395","13169091735048230474","10801071260361489954","9886965584273496687","138105","2951399891823925968","7","33857128579683217551","17551"
"be","subword_frequency","396","9886965584273496687","13169091735048230474","4210019096822022793","49506","1658159646280584430","9","27266076416143749716","49716"
"n","subword_frequency","397","4210019096822022793","9886965584273496687","15173467337884066372","54699","11843208806762889409","1","29270452018979585340","85340"
"g","subword_frequency","398","15173467337884066372","4210019096822022793","13865111976448284129","98611","5522967439236953236","2","33248598411154373668","73668"
"a","subword_frequency","399","13865111976448284129","15173467337884066372","2385993422535133385","83890","6799798101552006576","2","31424572736867483425","83425"
"l","subword_frequency","400","2385993422535133385","13865111976448284129","8813014715057302349","87186","13775308227686878136","2","25064120114040720376","20376"
"u","subword_frequency","401","8813014715057302349","2385993422535133385","11146707403776990555","5150","16463303754682099888","4","22345715541369425772","25772"
"r","subword_frequency","402","11146707403776990555","8813014715057302349","15384590736640456620","30714","326078770647137602","3","35344312855474750031","50031"
"u","subword_frequency","403","15384590736640456620","11146707403776990555","6554099037215816541","5150","5455673870882550865","9","33085397177633263193","63193"
",","subword_frequency","404","6554099037215816541","15384590736640456620","2915575873624221364","138105","14178369428963194823","3","24854265647480494334","94334"
"h","subword_frequency","405","2915575873624221364","6554099037215816541","14159168807712440426","95920","13132863158587934695","1","23628843718552477818","77818"
"t","subword_frequency","406","14159168807712440426","2915575873624221364","14906269885929658594","4129","6505450462313596840","5","31981014567266320894","20894"
"t","subword_frequency","407","14906269885929658594","14159168807712440426","625838719702772079","4129","5830697816088190752","8","29691277413344871622","71622"
"p","subword_frequency","408","625838719702772079","14906269885929658594","12690287791988265372","22104","10851446695005939924","9","28222396397620696574","96574"
"s","subword_frequency","409","12690287791988265372","625838719702772079","4816262891110803490","135347","3326906937971594956","4","18132389402801841444","41444"
":","subword_frequency","410","4816262891110803490","12690287791988265372","2231252967725126593","103671","15916200665851898678","4","19737803650824195924","95924"
"/","subword_frequency","411","2231252967725126593","4816262891110803490","264750566580481114","49688","9277548796692629050","5","7312266425416410760","10760"
"/","subword_frequency","412","264750566580481114","2231252967725126593","4718349894990014557","49688","11356930944262977953","4","7214353429295622576","22576"
"en","subword_frequency","413","4718349894990014557","264750566580481114","16175184069418727783","101098","16090670436082365780","5","21158284530989224498","24498"
".","subword_frequency","414","16175184069418727783","4718349894990014557","13473135359665344180","1908","9101411524462062064","6","34366669324074086333","86333"
"w","subword_frequency","415","13473135359665344180","16175184069418727783","11075727816085877019","9453","2651855473135730106","5","40724047245169948459","48459"
"i","subword_frequency","416","11075727816085877019","13473135359665344180","17333159534244408898","129732","541446242526059580","1","41882022709995630591","30591"
"k","subword_frequency","417","17333159534244408898","11075727816085877019","2977859393168307356","118105","7979456580239783160","8","31386746743498592773","92773"
"i","subword_frequency","418","2977859393168307356","17333159534244408898","16802031915011144624","129732","13214690428992166331","8","37113050842423861372","61372"
"p","subword_frequency","419","16802031915011144624","2977859393168307356","7811167398132831468","22104","8582654416460331531","2","27591058706312282932","82932"
"ed","subword_frequency","420","7811167398132831468","16802031915011144624","7120537380389310028","94776","17460929531057746231","8","31733736693533285092","85092"
"i","subword_frequency","421","7120537380389310028","7811167398132831468","501882473927691303","129732","18223326317758030699","3","15433587252449832296","32296"
"a","subword_frequency","422","501882473927691303","7120537380389310028","7793236832108013079","83890","11006923701428067446","1","15415656686425014930","14930"
".","subword_frequency","423","7793236832108013079","501882473927691303","16981472193390854468","1908","17442540461973337728","9","25276591499426559278","59278"
"or","subword_frequency","424","16981472193390854468","7793236832108013079","280151032516823770","31944","8474990845524159087","9","25054860058015692311","92311"
"g","subword_frequency","425","280151032516823770","16981472193390854468","5622579740838884035","98611","11372770313705610250","7","22884202966746561738","61738"
"/","subword_frequency","426","5622579740838884035","280151032516823770","3191971276185297896","49688","15001512097515120440","3","9094702049541005789","5789"
"w","subword_frequency","427","3191971276185297896","5622579740838884035","8074290271656279508","9453","12860962563824537830","3","16888841288680460888","60888"
"i","subword_frequency","428","8074290271656279508","3191971276185297896","17511571621072340346","129732","17166276478000992499","4","28777833168913918254","18254"
"k","subword_frequency","429","17511571621072340346","8074290271656279508","2292458236757137874","118105","7868597938031976384","6","27878320129485758216","58216"
"i","subword_frequency","430","2292458236757137874","17511571621072340346","198430824060170655","129732","9360462615534744821","9","20002460681889649421","49421"
"/","subword_frequency","431","198430824060170655","2292458236757137874","1883892602313904495","49688","11310665605156004964","6","4374781663131212675","12675"
"m","subword_frequency","432","1883892602313904495","198430824060170655","8423195599036304380","105645","9517117487494339105","5","10505519025410380009","80009"
"in","subword_frequency","433","8423195599036304380","1883892602313904495","83194086232056799","127366","16920668653099756953","3","10390282287582266624","66624"
"d","subword_frequency","434","83194086232056799","8423195599036304380","5789867976303107738","56064","11461917434788261692","1","14296257661571468379","68379"
"t","subword_frequency","435","5789867976303107738","83194086232056799","18105480628010576380","4129","14875046001547762008","5","23978542690545740428","40428"
"re","subword_frequency","436","18105480628010576380","5789867976303107738","13418065576215142340","23545","7310730935122175462","7","37313414180528827425","27425"
"e","subword_frequency","437","13418065576215142340","18105480628010576380","9647434968618746780","54385","2594621173263375446","4","41170981172844465021","65021"
"b","subword_frequency","438","9647434968618746780","13418065576215142340","5749962596943939758","30816","2005767886992583711","6","28815463141777828346","28346"
"ha","subword_frequency","439","5749962596943939758","9647434968618746780","3279951820698882828","143361","15131110947361910604","6","18677349386261570399","70399"
"r","subword_frequency","440","3279951820698882828","5749962596943939758","17470648531011205105","30714","12948908260582028053","8","26500562948654027224","27224"
"at","subword_frequency","441","17470648531011205105","3279951820698882828","10373788288425142959","3310","7801166940376329468","8","31124388640135229791","29791"
"e","subword_frequency","442","10373788288425142959","17470648531011205105","2150912189650129990","54385","1279128694179195197","4","29995349009086477506","77506"
"l","subword_frequency","443","2150912189650129990","10373788288425142959","8108161847349746568","87186","9506793720160950071","5","20632862325425020069","20069"
"e","subword_frequency","444","8108161847349746568","2150912189650129990","17939912866861355211","54385","17199954532937455642","4","28198986903861231297","31297"
"c","subword_frequency","445","17939912866861355211","8108161847349746568","7604104782130204587","23172","7403959614448524716","7","33652179496341306915","6915"
"t","subword_frequency","446","7604104782130204587","17939912866861355211","12939161238194235716","4129","17847849692156643433","1","38483178887185794990","94990"
"r","subword_frequency","447","12939161238194235716","7604104782130204587","13885137579766273371","30714","3289416831271946589","5","34428403600090714246","14246"
"on","subword_frequency","448","13885137579766273371","12939161238194235716","13929082308381605134","135362","6811292799370842746","8","40753381126342113169","13169"
"i","subword_frequency","449","13929082308381605134","13885137579766273371","13679180156944498309","129732","6879656582130110505","2","41493400045092377371","77371"
"c","subword_frequency","450","13679180156944498309","13929082308381605134","9439540078481866005","23172","2585431610080916450","5","37047802543807968976","68976"
"s","subword_frequency","451","9439540078481866005","13679180156944498309","2963416843134033161","135347","2074050604513557061","7","26082137078560398012","98012"
"l","subword_frequency","452","2963416843134033161","9439540078481866005","5122630688297502190","87186","13193104147637542520","5","17525587609913401921","1921"
"i","subword_frequency","453","5122630688297502190","2963416843134033161","10576514769605229263","129732","15645580701871155401","9","18662562301036765103","65103"
"m","subword_frequency","454","10576514769605229263","5122630688297502190","9512985167451380781","105645","932295271293645185","7","25212130625354111763","11763"
"it","subword_frequency","455","9512985167451380781","10576514769605229263","12606922605338952180","10684","1888011148389409394","1","32696422542395561241","61241"
"ed","subword_frequency","456","12606922605338952180","9512985167451380781","14174313121609718641","94776","3513846652522259503","6","36294220894400052602","52602"
",","subword_frequency","457","14174313121609718641","12606922605338952180","3582216946364447137","138105","6521844574249228267","7","30363452673313117722","17722"
"be","subword_frequency","458","3582216946364447137","14174313121609718641","11899791459509097849","49506","12646651926695423776","5","29656321527483264631","64631"
"l","subword_frequency","459","11899791459509097849","3582216946364447137","10657452047604356074","87186","4257015391430678024","5","26139460453477901518","1518"
",","subword_frequency","460","10657452047604356074","11899791459509097849","3812532885076951557","138105","995745847266647920","8","26369776392190405009","5009"
"n","subword_frequency","461","3812532885076951557","10657452047604356074","13019276418275467933","54699","12312753200876781645","5","27489261350956775116","75116"
"s","subword_frequency","462","13019276418275467933","3812532885076951557","13766340378907090057","135347","3069972070343927245","7","30598149682259509101","9101"
"e","subword_frequency","463","13766340378907090057","13019276418275467933","12168583744420982634","54385","2394969534790033179","6","38954200541603541179","41179"
"/","subword_frequency","464","12168583744420982634","13766340378907090057","6482911984918256020","49688","3956420832198490769","1","32417836108246328499","28499"
"b","subword_frequency","465","6482911984918256020","12168583744420982634","7236953867692805217","30816","14393671136749893143","4","25888449597032044398","44398"
"s","subword_frequency","466","7236953867692805217","6482911984918256020","4238007758156923372","135347","18039637293825100593","7","17957873610767985063","85063"
"e","subword_frequency","467","4238007758156923372","7236953867692805217","9214906065732935620","54385","11882488283884044926","7","20689867691582664696","64696"
",","subword_frequency","468","9214906065732935620","4238007758156923372","12242646221913450877","138105","16273358710644609886","6","25695560045803309358","9358"
"be","subword_frequency","469","12242646221913450877","9214906065732935620","11348517027938525887","49506","4022247071691882492","4","32806069315584913353","13353"
"n","subword_frequency","470","11348517027938525887","12242646221913450877","6857054727443905331","54699","236845410463260919","4","30448217977295881638","81638"
"g","subword_frequency","471","6857054727443905331","11348517027938525887","8096281729866057854","98611","13915664664656670179","5","26301853485248488627","88627"
"a","subword_frequency","472","8096281729866057854","6857054727443905331","3266734638800985179","83890","17180314413779654703","7","18220071096110948820","48820"
"l","subword_frequency","473","3266734638800985179","8096281729866057854","8545930812275111797","87186","12926101009159855914","2","19908947180942155270","55270"
"u","subword_frequency","474","8545930812275111797","3266734638800985179","7132288758802939454","5150","16766417021327291528","1","18944954209879035840","35840"
"r","subword_frequency","475","7132288758802939454","8545930812275111797","99718836282479389","30714","18216360580867431975","5","15777938407360530172","30172"
"u","subword_frequency","476","99718836282479389","7132288758802939454","14604493113026135315","5150","11481149318308286688","9","21836500708111553690","53690"
",","subword_frequency","477","14604493113026135315","99718836282479389","6317015834256392645","138105","6096445229391169929","1","21021227783565007869","7869"
"h","subword_frequency","478","6317015834256392645","14604493113026135315","2785555008438330870","95920","14528038280318427286","3","23707063955720859284","59284"
"t","subword_frequency","479","2785555008438330870","6317015834256392645","13886959522818808512","4129","13303420255732982324","4","22989530365513532454","32454"
"t","subword_frequency","480","13886959522818808512","2785555008438330870","766195802109404088","4129","6813697357542874370","4","17438710333366542918","42918"
"p","subword_frequency","481","766195802109404088","13886959522818808512","4230148172301996275","22104","10706581047944520195","7","18883303497230208405","8405"
"s","subword_frequency","482","4230148172301996275","766195802109404088","12144696489006684802","135347","11854592288512120739","9","17141040463418085599","85599"
":","subword_frequency","483","12144696489006684802","4230148172301996275","13275384221903693904","103671","3944547055998949782","5","29650228883212374499","74499"
"/","subword_frequency","484","13275384221903693904","12144696489006684802","1700947452276232445","49688","2741806122924408235","6","27121028163186611651","11651"
"/","subword_frequency","485","1700947452276232445","13275384221903693904","1283431081345916909","49688","9920729639012435206","6","16259762755525843751","43751"
"en","subword_frequency","486","1283431081345916909","1700947452276232445","5605253610207198138","101098","10374270980122444516","1","8589632143829346387","46387"
".","subword_frequency","487","5605253610207198138","1283431081345916909","6261303356337099978","1908","15275829284177292077","6","13149988047890214503","14503"
"w","subword_frequency","488","6261303356337099978","5605253610207198138","6850781228595020751","9453","14471164581490501572","1","18717338195139319353","19353"
"i","subword_frequency","489","6850781228595020751","6261303356337099978","16207860744706253325","129732","13917711108166807272","3","29319945329638373483","73483"
"k","subword_frequency","490","16207860744706253325","6850781228595020751","6601566054606549991","118105","9140788543355402423","7","29660208027907823628","23628"
"i","subword_frequency","491","6601566054606549991","16207860744706253325","4657302446969862362","129732","14243197737385713344","8","27466729246282665121","65121"
"p","subword_frequency","492","4657302446969862362","6601566054606549991","15626434893437724193","22104","16038855798740351329","1","26885303395014137031","37031"
"ed","subword_frequency","493","15626434893437724193","4657302446969862362","17319365644511946243","94776","5110255199093457914","4","37603102984919531859","31859"
"i","subword_frequency","494","17319365644511946243","15626434893437724193","889488331177785593","129732","7957234867046664996","8","33835288869127455613","55613"
"a","subword_frequency","495","889488331177785593","17319365644511946243","2788929654396192227","83890","10551759473261684904","5","20997783630085924498","24498"
".","subword_frequency","496","2788929654396192227","889488331177785593","12525327103042266445","1908","13295537629320516980","8","16203745088616244804","44804"
"or","subword_frequency","497","12525327103042266445","2788929654396192227","12839285812107693257","31944","3739570000101494374","7","28153542569546151060","51060"
"g","subword_frequency","498","12839285812107693257","12525327103042266445","10139348127798284084","98611","3177632390605068825","3","35503961042948244266","44266"
"/","subword_frequency","499","10139348127798284084","12839285812107693257","15640547806422359168","49688","1333429289267043023","3","38619181746328335968","35968"
"w","subword_frequency","500","15640547806422359168","10139348127798284084","6037731132732898795","9453","5132162823949021070","2","31817627066953542673","42673"
"i","subword_frequency","501","6037731132732898795","15640547806422359168","13373570459830690945","129732","14843070252417028300","3","35051849398985949317","49317"
"k","subword_frequency","502","13373570459830690945","6037731132732898795","14095284244083355168","118105","2859520520703704635","5","33506585836646945521","45521"
"i","subword_frequency","503","14095284244083355168","13373570459830690945","5845160075269705797","129732","6749765468113584903","5","33314014779183751441","51441"
"/","subword_frequency","504","5845160075269705797","14095284244083355168","224357301041234267","49688","14927558818576745918","9","20164801620394295774","95774"
"b","subword_frequency","505","224357301041234267","5845160075269705797","1781682617236639671","30816","11324981309688639192","1","7851199993547580162","80162"
"ha","subword_frequency","506","1781682617236639671","224357301041234267","1201975707818218581","143361","9695888670491240533","5","3208015626096091549","91549"
"r","subword_frequency","507","1201975707818218581","1781682617236639671","4487401740447517479","30714","10275313503595836492","1","7471060065502376193","76193"
"at","subword_frequency","508","4487401740447517479","1201975707818218581","18048817342504411163","3310","11561036711956549674","9","23738194790770148387","48387"
"_","subword_frequency","509","18048817342504411163","4487401740447517479","4721438630386577639","134911","7227501174492051719","7","27257657713338506838","6838"
"e","subword_frequency","510","4721438630386577639","18048817342504411163","16055731462950903124","54385","16119107447830410101","4","38825987435841892350","92350"
"l","subword_frequency","511","16055731462950903124","4721438630386577639","6750397924464530879","87186","4676446203837455909","5","27527568017802012130","12130"
"e","subword_frequency","512","6750397924464530879","16055731462950903124","2459637794998678050","54385","14094369750229800493","4","25265767182414112587","12587"
"c","subword_frequency","513","2459637794998678050","6750397924464530879","8056561807839810765","23172","13552767462340869957","9","17266597527303019223","19223"
"t","subword_frequency","514","8056561807839810765","2459637794998678050","1432317445531503249","4129","17436198321731064591","9","11948517048369992552","92552"
"r","subword_frequency","515","1432317445531503249","8056561807839810765","8043911009088491675","30714","10220889228239039112","5","17532790262459805271","5271"
"on","subword_frequency","516","8043911009088491675","1432317445531503249","5473641334813031552","135362","17408329870883379130","4","14949869789433027396","27396"
"i","subword_frequency","517","5473641334813031552","8043911009088491675","10305269279363741296","129732","15402660861645197735","6","23822821623265265156","65156"
"c","subword_frequency","518","10305269279363741296","5473641334813031552","18110867743592562776","23172","1239847202428254999","6","33889778357769335030","35030"
"s","subword_frequency","519","18110867743592562776","10305269279363741296","0","135347","7305335543270590216","3","28416137022956304533","4533"
