"c","subword_bpe","0","13345704679051884329","0","12491137745023758426","23172","2810824558098898278","2","25836842424075642793","42793"
"o","subword_bpe","1","12491137745023758426","13345704679051884329","11241067680105480545","112839","3705923871607928918","6","37077910104181123256","23256"
"m","subword_bpe","2","11241067680105480545","12491137745023758426","10346296083901819438","105645","159652138576784647","7","34078501509031058334","58334"
"p","subword_bpe","3","10346296083901819438","11241067680105480545","14218615244020245283","22104","1270600867702607037","6","35805979008027545306","45306"
"a","subword_bpe","4","14218615244020245283","10346296083901819438","4432613347753158360","83890","6585901487472563290","7","28997524675675223115","23115"
"n","subword_bpe","5","4432613347753158360","14218615244020245283","5185934958591010695","54699","11796255512465228728","8","23837163550364414284","14284"
"y","subword_bpe","6","5185934958591010695","4432613347753158360","17851984775423820008","80982","15694866473738545946","7","27470533081767988929","88929"
",","subword_bpe","7","17851984775423820008","5185934958591010695","13315852967295074547","138105","7604754756306201434","3","36353772701309905238","5238"
"t","subword_bpe","8","13315852967295074547","17851984775423820008","13391065527999563900","4129","2809137861162311705","2","44558903270718458353","58353"
"i","subword_bpe","9","13391065527999563900","13315852967295074547","16396746285500280756","129732","2873831609545327219","9","43103664780794919080","19080"
"c","subword_bpe","10","16396746285500280756","13391065527999563900","6420343329275338335","23172","9059985047123985915","6","36208155142775183009","83009"
"k","subword_bpe","11","6420343329275338335","16396746285500280756","3465212659290377666","118105","14352652624348373965","1","26282302274065996701","96701"
"er","subword_bpe","12","3465212659290377666","6420343329275338335","11708402123795810570","84104","12547469692096460161","3","21593958112361527004","27004"
",","subword_bpe","13","11708402123795810570","3465212659290377666","13307856668725154542","138105","4344812607053832888","3","28481471451811342820","42820"
"e","subword_bpe","14","13307856668725154542","11708402123795810570","6632198318816930536","54385","2781105366991877716","9","31648457111337895562","95562"
"x","subword_bpe","15","6632198318816930536","13307856668725154542","12601079612324660257","64652","13996400950262245039","1","32541134599866745206","45206"
"c","subword_bpe","16","12601079612324660257","6632198318816930536","2412282761014731297","23172","3519420849279823470","3","21645560692156322144","22144"
"h","subword_bpe","17","2412282761014731297","12601079612324660257","9276864308276659985","95920","13784779426832966746","3","24290226681616051670","51670"
"a","subword_bpe","18","9276864308276659985","2412282761014731297","8225382931107167281","83890","2200416708353306728","7","19914530000398558647","58647"
"n","subword_bpe","19","8225382931107167281","9276864308276659985","4243701315274415646","54699","17010403154821945681","3","21745948554658243046","43046"
"g","subword_bpe","20","4243701315274415646","8225382931107167281","5487646270958681029","98611","11877081171079327718","2","17956730517340264084","64084"
"e","subword_bpe","21","5487646270958681029","4243701315274415646","1574729249180294268","54385","15140944219211669375","4","11306076835413390816","90816"
",","subword_bpe","22","1574729249180294268","5487646270958681029","5361068965563493012","138105","10082985972089976782","2","12423444485702468248","68248"
"h","subword_bpe","23","5361068965563493012","1574729249180294268","13237692258496014708","95920","15299060435843378415","6","20173490473239801869","1869"
"q","subword_bpe","24","13237692258496014708","5361068965563493012","12844717611791855212","127140","2991167784167958811","7","31443478835851363047","63047"
"c","subword_bpe","25","12844717611791855212","13237692258496014708","9006402018468554253","23172","3203997930364503075","2","35088811888756424302","24302"
"i","subword_bpe","26","9006402018468554253","12844717611791855212","8776368910958122172","129732","16341965816101760002","3","30627488541218531753","31753"
"t","subword_bpe","27","8776368910958122172","9006402018468554253","14437439785754037288","4129","16716399465020044374","6","32220210715180713572","13572"
"y","subword_bpe","28","14437439785754037288","8776368910958122172","14189612253362204795","80982","6227193262525202613","9","37403420950074364397","64397"
",","subword_bpe","29","14189612253362204795","14437439785754037288","9189432258692162812","138105","6547346085660941257","7","37816484297808404823","4823"
"s","subword_bpe","30","9189432258692162812","14189612253362204795","7083002113606830915","135347","16262518367324783748","2","30462046625661198382","98382"
"o","subword_bpe","31","7083002113606830915","9189432258692162812","11643759558826181668","112839","18193585216756745039","4","27916193931125175543","75543"
"u","subword_bpe","32","11643759558826181668","7083002113606830915","17361062341081731729","5150","4585095540335616241","3","36087824013514744466","44466"
"r","subword_bpe","33","17361062341081731729","11643759558826181668","13280482419077918006","30714","7987586448786101664","4","42285304318985831271","31271"
"c","subword_bpe","34","13280482419077918006","17361062341081731729","15578947545995817210","23172","2772732878733936505","6","46220492306155467083","67083"
"e","subword_bpe","35","15578947545995817210","13280482419077918006","6853460759689532149","54385","5045425737269154880","6","35712890724763267232","67232"
"i","subword_bpe","36","6853460759689532149","15578947545995817210","5407102314482751198","129732","13919249338080172282","3","27839510620168100411","411"
"n","subword_bpe","37","5407102314482751198","6853460759689532149","936613043020321183","54699","15365889752204014526","6","13197176117192604380","4380"
"f","subword_bpe","38","936613043020321183","5407102314482751198","10885149685812960868","106548","10576982042354811232","4","17228865043316033103","33103"
"o","subword_bpe","39","10885149685812960868","936613043020321183","7985362032701202116","112839","664466001803597416","5","19807124761534484317","84317"
"s","subword_bpe","40","7985362032701202116","10885149685812960868","2071936526259751111","135347","17358788092438494908","1","20942448244773913989","13989"
"y","subword_bpe","41","2071936526259751111","7985362032701202116","16006838102603995730","80982","9437159920195060826","1","26064136661564948868","48868"
"s","subword_bpe","42","16006838102603995730","2071936526259751111","10137829424956359922","135347","4617543989652519466","6","28216604053820106887","6887"
"l","subword_bpe","43","10137829424956359922","16006838102603995730","14060095699163886553","87186","1335237709058007211","1","40204763226724242069","42069"
"i","subword_bpe","44","14060095699163886553","10137829424956359922","3945465455381268898","129732","6712623156055161302","8","28143390579501515227","15227"
"m","subword_bpe","45","3945465455381268898","14060095699163886553","17605031699679257311","105645","12175026755601606084","6","35610592854224412662","12662"
"i","subword_bpe","46","17605031699679257311","3945465455381268898","7593054292931052947","129732","7667055896530790608","2","29143551447991579060","79060"
"t","subword_bpe","47","7593054292931052947","17605031699679257311","9852699908155938492","4129","17827652090969548153","4","35050785900766248657","48657"
"ed","subword_bpe","48","9852699908155938492","7593054292931052947","17635427522016303675","94776","1624862561969345615","4","35081181723103294458","94458"
",","subword_bpe","49","17635427522016303675","9852699908155938492","18399571813302052445","138105","7677201799509946761","5","45887699243474294656","94656"
"i","subword_bpe","50","18399571813302052445","17635427522016303675","4340033404062217915","129732","7020848680383491154","1","40375032739380574191","74191"
"n","subword_bpe","51","4340033404062217915","18399571813302052445","18270590146316978862","54699","11677161875624793051","2","41010195363681249064","49064"
"f","subword_bpe","52","18270590146316978862","4340033404062217915","4011563373400967597","106548","7185868511738731089","2","26622186923780164216","64216"
"y","subword_bpe","53","4011563373400967597","18270590146316978862","3265407626800171713","80982","12221808532402013488","8","25547561146518118027","18027"
",","subword_bpe","54","3265407626800171713","4011563373400967597","1926654703793283091","138105","12927150995781378419","8","9203625703994422372","22372"
"n","subword_bpe","55","1926654703793283091","3265407626800171713","17732404654885549796","54699","9550907238060361075","2","22924466985479004766","4766"
"s","subword_bpe","56","17732404654885549796","1926654703793283091","6182148104414341018","135347","7503368254104524444","7","25841207463093173751","73751"
"e","subword_bpe","57","6182148104414341018","17732404654885549796","7287453533019469735","54385","14698657691606188832","4","31202006292319360458","60458"
"/","subword_bpe","58","7287453533019469735","6182148104414341018","8728545140076847798","49688","18092443879829980532","5","22198146777510658591","58591"
"b","subword_bpe","59","8728545140076847798","7287453533019469735","6773679662220672246","30816","16651351770236332573","6","22789678335316989620","89620"
"s","subword_bpe","60","6773679662220672246","8728545140076847798","5777377293547330539","135347","13850689240188525710","5","21279602095844850409","50409"
"e","subword_bpe","61","5777377293547330539","6773679662220672246","11828076586007677527","54385","14851226360700698449","5","24379133541775680145","80145"
",","subword_bpe","62","11828076586007677527","5777377293547330539","10559373153178703568","138105","4184615111223026149","9","28164827032733711609","11609"
"b","subword_bpe","63","10559373153178703568","11828076586007677527","10697054218819797289","30816","917912261492170363","4","33084503958006178293","78293"
"e","subword_bpe","64","10697054218819797289","10559373153178703568","12006455878958773209","54385","739975292031051155","8","33262883250957274156","74156"
"n","subword_bpe","65","12006455878958773209","10697054218819797289","14869251167927583026","54699","4082787644628817593","4","37572761265706153416","53416"
"g","subword_bpe","66","14869251167927583026","12006455878958773209","12023322069952349429","98611","5795368084909666506","6","38899029116838705746","5746"
"a","subword_bpe","67","12023322069952349429","14869251167927583026","18346181007797421904","83890","4101673156540035980","1","45238754245677354198","54198"
"l","subword_bpe","68","18346181007797421904","12023322069952349429","4274150299866014294","87186","6966439521916003081","5","34643653377615785776","85776"
"u","subword_bpe","69","4274150299866014294","18346181007797421904","15652081960832009289","5150","11918684828421375619","1","38272413268495445634","45634"
"r","subword_bpe","70","15652081960832009289","4274150299866014294","3640516924639848562","30714","5116128913889100664","2","23566749185337872212","72212"
"u","subword_bpe","71","3640516924639848562","15652081960832009289","11849327096786094586","5150","12444236747509910695","2","31141925982257952502","52502"
",","subword_bpe","72","11849327096786094586","3640516924639848562","11770672133568148771","138105","4199111389920420424","2","27260516154994091812","91812"
"h","subword_bpe","73","11770672133568148771","11849327096786094586","14279245262201799472","95920","4426662711697486680","6","37899244492556042948","42948"
"t","subword_bpe","74","14279245262201799472","11770672133568148771","18325390104035268513","4129","6349345743373444058","2","44375307499805216950","16950"
"t","subword_bpe","75","18325390104035268513","14279245262201799472","6183472220950998562","4129","6946701873032689483","2","38788107587188066486","66486"
"p","subword_bpe","76","6183472220950998562","18325390104035268513","2069902190069073731","22104","14692820612415850673","6","26578764515055341003","41003"
"s","subword_bpe","77","2069902190069073731","6183472220950998562","3081996206741802824","135347","9407664111179573051","9","11335370617761875180","75180"
":","subword_bpe","78","3081996206741802824","2069902190069073731","8188014556524520320","103671","13038495424420621172","3","13339912953335396996","96996"
"/","subword_bpe","79","8188014556524520320","3081996206741802824","10402510099187305051","49688","17264217540164030803","5","21672520862453628322","28322"
"/","subword_bpe","80","10402510099187305051","8188014556524520320","6250746536992172422","49688","1038742081777154184","6","24841271192703997739","97739"
"e","subword_bpe","81","6250746536992172422","10402510099187305051","13952677532050554275","54385","14449910880185568572","8","30605934168230031673","31673"
"n","subword_bpe","82","13952677532050554275","6250746536992172422","3485417409083899966","54699","6887877342306031811","1","23688841478126626602","26602"
".","subword_bpe","83","3485417409083899966","13952677532050554275","2171477981178611930","1908","12567797321775249281","4","19609572922313066301","66301"
"w","subword_bpe","84","2171477981178611930","3485417409083899966","4763361941190185525","9453","9229522711181106428","7","10420257331452697215","97215"
"i","subword_bpe","85","4763361941190185525","2171477981178611930","15358784614428834856","129732","15865519356925450298","6","22293624536797632512","32512"
"k","subword_bpe","86","15358784614428834856","4763361941190185525","14816504138230111608","118105","5409426247403192762","9","34938650693849132186","32186"
"i","subword_bpe","87","14816504138230111608","15358784614428834856","7246853109492682883","129732","6028549387950102391","3","37422141862151629406","29406"
"p","subword_bpe","88","7246853109492682883","14816504138230111608","14983723504613233497","22104","18061272032573994512","7","37047080752336027941","27941"
"ed","subword_bpe","89","14983723504613233497","7246853109492682883","15303314581618535839","94776","5892846427161072042","4","37533891195724451772","51772"
"i","subword_bpe","90","15303314581618535839","14983723504613233497","7394071539612137757","129732","5356805469636798352","7","37681109625843907017","7017"
"a","subword_bpe","91","7394071539612137757","15303314581618535839","501174640739691525","83890","17918271895993912932","2","23198560761970365256","65256"
".","subword_bpe","92","501174640739691525","7394071539612137757","15482509581621129944","1908","11007921290308443066","1","23377755761972959365","59365"
"o","subword_bpe","93","15482509581621129944","501174640739691525","2370202844165948694","112839","5254458137618561748","6","18353887066526769959","69959"
"r","subword_bpe","94","2370202844165948694","15482509581621129944","18010941968698449100","30714","13750579642179764775","1","35863654394485527921","27921"
"g","subword_bpe","95","18010941968698449100","2370202844165948694","2964938279284470306","98611","7477314526963559732","2","23346083092148867899","67899"
"/","subword_bpe","96","2964938279284470306","18010941968698449100","16188068364582769741","49688","13191863675410956529","8","37163948612565689287","89287"
"w","subword_bpe","97","16188068364582769741","2964938279284470306","1383752521552703762","9453","9120048531145064555","6","20536759165419943880","43880"
"i","subword_bpe","98","1383752521552703762","16188068364582769741","18428515038043064814","129732","10161081935443311389","9","36000335924178538499","38499"
"k","subword_bpe","99","18428515038043064814","1383752521552703762","15932640436016547617","118105","7027943568451695740","2","35744907995612316019","16019"
"i","subword_bpe","100","15932640436016547617","18428515038043064814","2078303284110102565","129732","4840074059805429038","5","36439458758169715210","15210"
"/","subword_bpe","101","2078303284110102565","15932640436016547617","446231059556174149","49688","9430788764292719350","5","18457174779682824472","24472"
"i","subword_bpe","102","446231059556174149","2078303284110102565","797540699012938397","129732","10954493109916926794","6","3322075042679215199","15199"
"n","subword_bpe","103","797540699012938397","446231059556174149","6319865377302165826","54699","10747302519711571965","6","7563637135871278286","78286"
"f","subword_bpe","104","6319865377302165826","797540699012938397","10429097881815945272","106548","14520684553552095677","5","17546503958131049581","49581"
"o","subword_bpe","105","10429097881815945272","6319865377302165826","4664725866480025448","112839","1048460194577831988","5","21413689125598136722","36722"
"s","subword_bpe","106","4664725866480025448","10429097881815945272","11663008092259946565","135347","16035935965918945040","7","26756831840555917365","17365"
"y","subword_bpe","107","11663008092259946565","4664725866480025448","9808514488819054152","80982","4606106720353410264","8","26136248447559026266","26266"
"s","subword_bpe","108","9808514488819054152","11663008092259946565","11478821564739091238","135347","1596999187671848496","5","32950344145818092053","92053"
"w","subword_bpe","109","11478821564739091238","9808514488819054152","1407584906990582784","9453","106836092552851200","2","22694920960548728341","28341"
"i","subword_bpe","110","1407584906990582784","11478821564739091238","17077114902253901498","129732","10214100984679396879","6","29963521373983575746","75746"
"p","subword_bpe","111","17077114902253901498","1407584906990582784","8348669575249958262","22104","8271248014590062633","4","26833369384494442452","42452"
"r","subword_bpe","112","8348669575249958262","17077114902253901498","11000905342838553622","30714","17143821728104354375","5","36426689820342413419","13419"
"o","subword_bpe","113","11000905342838553622","8348669575249958262","8298259703692153851","112839","476370725993673754","3","27647834621780665955","65955"
"l","subword_bpe","114","8298259703692153851","11000905342838553622","13219020037906273227","87186","17086145187122345890","2","32518185084436980475","80475"
"i","subword_bpe","115","13219020037906273227","8298259703692153851","2036010611661065851","129732","2973533636873230788","7","23553290353259492772","92772"
"m","subword_bpe","116","2036010611661065851","13219020037906273227","5910308145321785381","105645","9400742384907067933","9","21165338794889124494","24494"
"i","subword_bpe","117","5910308145321785381","2036010611661065851","5332766914481509223","129732","14714060739889410602","4","13279085671464360624","60624"
"t","subword_bpe","118","5332766914481509223","5910308145321785381","3666247675824250728","4129","15291606364481532813","2","14909322735627545368","45368"
"ed","subword_bpe","119","3666247675824250728","5332766914481509223","7392548317558584991","94776","12454240154288004507","3","16391562907864344509","44509"
",","subword_bpe","120","7392548317558584991","3666247675824250728","16966982767791310842","138105","17915568075663858989","8","28025778761174146462","46462"
"w","subword_bpe","121","16966982767791310842","7392548317558584991","13788357310555281519","9453","8449224968584582108","2","38147888395905177115","77115"
"i","subword_bpe","122","13788357310555281519","16966982767791310842","10863820384467212312","129732","2408700479257268832","2","41619160462813804693","4693"
"p","subword_bpe","123","10863820384467212312","13788357310555281519","4912861055405092810","22104","644985262630043275","9","29565038750427586853","86853"
"r","subword_bpe","124","4912861055405092810","10863820384467212312","15742572428654664891","30714","15716019675780835579","6","31519253868526969862","69862"
"o","subword_bpe","125","15742572428654664891","4912861055405092810","15135530808539707245","112839","4922332748747642039","8","35790964292599464832","64832"
",","subword_bpe","126","15135530808539707245","15742572428654664891","17429563341100993944","138105","5493068477734919391","2","48307666578295366171","66171"
"n","subword_bpe","127","17429563341100993944","15135530808539707245","3314095552696681612","54699","8058424323973212408","6","35879189702337382757","82757"
"s","subword_bpe","128","3314095552696681612","17429563341100993944","574274611978093314","135347","12955011017854182644","5","21317933505775768852","68852"
"e","subword_bpe","129","574274611978093314","3314095552696681612","12763869834369140311","54385","11083149839975999416","9","16652239999043915474","15474"
"/","subword_bpe","130","12763869834369140311","574274611978093314","9138026789856332042","49688","3392659969716991108","1","22476171236203565811","65811"
"b","subword_bpe","131","9138026789856332042","12763869834369140311","5561514888571515880","30816","16206118915786391969","3","27463411512796988450","88450"
"s","subword_bpe","132","5561514888571515880","9138026789856332042","8261302551470873356","135347","15211191322231280528","4","22960844229898721064","21064"
"e","subword_bpe","133","8261302551470873356","5561514888571515880","14946099606143842632","54385","17046532916503625654","1","28768917046186232109","32109"
",","subword_bpe","134","14946099606143842632","8261302551470873356","1439757374492625796","138105","5862648630225883898","2","24647159532107341963","41963"
"b","subword_bpe","135","1439757374492625796","14946099606143842632","19582379292553619","30816","10217667056017720111","4","16405439359929022020","22020"
"e","subword_bpe","136","19582379292553619","1439757374492625796","7067090941818634104","54385","11417447114402977065","8","8526430695603813469","13469"
"n","subword_bpe","137","7067090941818634104","19582379292553619","11538124609434174574","54699","18168682521185901080","6","18624797930545362311","62311"
"g","subword_bpe","138","11538124609434174574","7067090941818634104","5546855214157951889","98611","4479074514274858390","1","24152070765410760609","60609"
"a","subword_bpe","139","5546855214157951889","11538124609434174574","16644149250376997657","83890","15189826619149993192","1","33729129073969124103","24103"
"l","subword_bpe","140","16644149250376997657","5546855214157951889","18415726685403218684","87186","8704503937540898624","8","40606731149938168435","68435"
"u","subword_bpe","141","18415726685403218684","16644149250376997657","3563528359045498456","5150","7036509796424771113","9","38623404294825715052","15052"
"r","subword_bpe","142","3563528359045498456","18415726685403218684","6870863273185979954","30714","12629020866179891561","2","28850118317634697345","97345"
"u","subword_bpe","143","6870863273185979954","3563528359045498456","3915062721438208176","5150","13937880015347862247","2","14349454353669686851","86851"
",","subword_bpe","144","3915062721438208176","6870863273185979954","7960820889876310827","138105","12133367497451289346","2","18746746884500498794","98794"
"h","subword_bpe","145","7960820889876310827","3915062721438208176","2002664398302933826","95920","17315775223714229584","3","13878548009617452572","52572"
"t","subword_bpe","146","2002664398302933826","7960820889876310827","9470413587470709655","4129","9655045875164287912","3","19433898875649954062","54062"
"t","subword_bpe","147","9470413587470709655","2002664398302933826","15795486683605896106","4129","2115235256554820477","4","27268564669379539338","39338"
"p","subword_bpe","148","15795486683605896106","9470413587470709655","16521882752080518601","22104","4973010596705086777","3","41787783023157124103","24103"
"s","subword_bpe","149","16521882752080518601","15795486683605896106","16974591293519213708","135347","8898828549533466033","2","49291960729205628154","28154"
":","subword_bpe","150","16974591293519213708","16521882752080518601","1118600405056801671","103671","8477645188355936432","2","34615074450656533933","33933"
"/","subword_bpe","151","1118600405056801671","16974591293519213708","4256681389741972362","49688","10498287230758451540","6","22349873088317987672","87672"
"/","subword_bpe","152","4256681389741972362","1118600405056801671","14457833304847504986","49688","11900124928666282329","7","19833115099646278959","78959"
"e","subword_bpe","153","14457833304847504986","4256681389741972362","12465550525228363803","54385","6238597585348063968","1","31180065219817841412","41412"
"n","subword_bpe","154","12465550525228363803","14457833304847504986","15160670028020512749","54699","3659721778220307835","9","42084053858096381789","81789"
".","subword_bpe","155","15160670028020512749","12465550525228363803","5489449430883745847","1908","5499735900561506386","1","33115669984132622199","22199"
"w","subword_bpe","156","5489449430883745847","15160670028020512749","17347297718509427706","9453","15139141059268416529","2","37997417177413686550","86550"
"i","subword_bpe","157","17347297718509427706","5489449430883745847","749544782163901202","129732","7965322806902870517","4","23586291931557074484","74484"
"k","subword_bpe","158","749544782163901202","17347297718509427706","677616225270627380","118105","10687484724367574656","5","18774458725943956045","56045"
"i","subword_bpe","159","677616225270627380","749544782163901202","2361532228922430497","129732","10903243167578879547","1","3788693236356959322","59322"
"p","subword_bpe","160","2361532228922430497","677616225270627380","14000626327716424510","22104","13759236513512878770","8","17039774781909482668","82668"
"ed","subword_bpe","161","14000626327716424510","2361532228922430497","10809915943385586172","94776","6664006720539191757","4","27172074500024440404","40404"
"i","subword_bpe","162","10809915943385586172","14000626327716424510","14431272705321213775","129732","591080956528153587","3","39241814976423224183","24183"
"a","subword_bpe","163","14431272705321213775","10809915943385586172","12402996116032362102","83890","6228856146337933366","6","37644184764739161788","61788"
".","subword_bpe","164","12402996116032362102","14431272705321213775","18352037626831226495","1908","3609409673816105417","6","45186306448184802419","2419"
"o","subword_bpe","165","18352037626831226495","12402996116032362102","1935515949626354982","112839","6960578500573073011","2","32690549692489943809","43809"
"r","subword_bpe","166","1935515949626354982","18352037626831226495","3629810866758331082","30714","9577797656471857687","4","23917364443215912270","12270"
"g","subword_bpe","167","3629810866758331082","1935515949626354982","16248828232307571125","98611","12423413188475640626","4","21814155048692257464","57464"
"/","subword_bpe","168","16248828232307571125","3629810866758331082","4596859859256846648","49688","9171605477008427878","1","24475498958322748773","48773"
"w","subword_bpe","169","4596859859256846648","16248828232307571125","13369156355293400635","9453","11672250611157040414","2","34214844446857818127","18127"
"i","subword_bpe","170","13369156355293400635","4596859859256846648","5594943711425911300","129732","2864202940513829940","2","23560959925976158819","58819"
"k","subword_bpe","171","5594943711425911300","13369156355293400635","4539126999864558361","118105","15245320329246369686","7","23503227066583870578","70578"
"i","subword_bpe","172","4539126999864558361","5594943711425911300","10228813310687764199","129732","11585877606848547094","7","20362884021978233586","33586"
"/","subword_bpe","173","10228813310687764199","4539126999864558361","18373890715286897413","49688","1424107507311471668","2","33141831025839219802","19802"
"w","subword_bpe","174","18373890715286897413","10228813310687764199","941490181385096109","9453","6974481500143114019","6","29544194207359757507","57507"
"i","subword_bpe","175","941490181385096109","18373890715286897413","6095190080238477559","129732","10603621889411613090","9","25410570976910470796","70796"
"p","subword_bpe","176","6095190080238477559","941490181385096109","11351311142568655729","22104","14600967602788583012","8","18387991404192229630","29630"
"r","subword_bpe","177","11351311142568655729","6095190080238477559","13742574908325667891","30714","265867335562492992","4","31189076131132800903","903"
"o","subword_bpe","178","13742574908325667891","11351311142568655729","3361712452899957698","112839","2341896717644688447","7","28455598503794281551","81551"
"b","subword_bpe","179","3361712452899957698","13742574908325667891","17260853016623460090","30816","12722750394098770793","4","34365140377849085448","85448"
"i","subword_bpe","180","17260853016623460090","3361712452899957698","17891361188003777846","129732","8195891497232606453","2","38513926657527195862","95862"
"o","subword_bpe","181","17891361188003777846","17260853016623460090","12213258727170228492","112839","7385229990646564154","5","47365472931797466148","66148"
"c","subword_bpe","182","12213258727170228492","17891361188003777846","12599015528757106429","23172","3983802910924204867","9","42703635443931112517","12517"
"o","subword_bpe","183","12599015528757106429","12213258727170228492","14052699622353513772","112839","3526257380261584625","8","38864973878280848905","48905"
"n","subword_bpe","184","14052699622353513772","12599015528757106429","9872207038728633728","54699","6715516183008708684","9","36523922189839253630","53630"
"l","subword_bpe","185","9872207038728633728","14052699622353513772","1311025039753758572","87186","1672636764105136601","8","25235931700835905858","5858"
"i","subword_bpe","186","1311025039753758572","9872207038728633728","10915636323351102641","129732","10089976223805853027","3","22098868401833494643","94643"
"m","subword_bpe","187","10915636323351102641","1311025039753758572","1083757309576468832","105645","669726681988884695","6","13310418672681330281","30281"
"i","subword_bpe","188","1083757309576468832","10915636323351102641","1415396745795776903","129732","10465589547406873455","8","13414790378723348104","48104"
"t","subword_bpe","189","1415396745795776903","1083757309576468832","10520414835963855703","4129","10201504651100475757","5","13019568891336101227","1227"
"ed","subword_bpe","190","10520414835963855703","1415396745795776903","961362381187081741","94776","880308818130960804","9","12897173962946713607","13607"
",","subword_bpe","191","961362381187081741","10520414835963855703","12405342268872973905","138105","10619497011656920511","2","23887119486023911567","11567"
"b","subword_bpe","192","12405342268872973905","961362381187081741","3207462581909082423","30816","3611843643507595002","9","16574167231969138361","38361"
"i","subword_bpe","193","3207462581909082423","12405342268872973905","10469570022651648564","129732","12877000247951612728","9","26082374873433704585","4585"
"o","subword_bpe","194","10469570022651648564","3207462581909082423","10980258978087430979","112839","1115797380767486520","1","24657291582648162183","62183"
"c","subword_bpe","195","10980258978087430979","10469570022651648564","11982480507215813427","23172","456779891484770572","2","33432309507954892753","92753"
"o","subword_bpe","196","11982480507215813427","10980258978087430979","10602483261760620581","112839","4070457125223519039","8","33565222747063864690","64690"
"n","subword_bpe","197","10602483261760620581","11982480507215813427","15559578196855005392","54699","942641981681888581","7","38144541965831439648","39648"
",","subword_bpe","198","15559578196855005392","10602483261760620581","16970227025802517798","138105","5321495918647757666","1","43132288484418143598","43598"
"n","subword_bpe","199","16970227025802517798","15559578196855005392","10264346257975874551","54699","8481723028960835654","5","42794151480633397477","97477"
"s","subword_bpe","200","10264346257975874551","16970227025802517798","13427402293339112335","135347","1172397362654180239","1","40661975577117504384","4384"
"e","subword_bpe","201","13427402293339112335","10264346257975874551","1778656511076159318","54385","2621322066378811189","8","25470405062391145993","45993"
"/","subword_bpe","202","1778656511076159318","13427402293339112335","18026734639934144785","49688","9698632730408910213","6","33232793444349416528","16528"
"b","subword_bpe","203","18026734639934144785","1778656511076159318","6730277919033168704","30816","7213827741707995578","8","26535669070043472568","72568"
"s","subword_bpe","204","6730277919033168704","18026734639934144785","7918123758865748576","135347","14074234418720994104","3","32675136317833061747","61747"
"e","subword_bpe","205","7918123758865748576","6730277919033168704","17458252770627958515","54385","17570136585068263130","5","32106654448526876044","76044"
",","subword_bpe","206","17458252770627958515","7918123758865748576","14117646283286908549","138105","7818061885119814977","2","39494022812780615407","15407"
"b","subword_bpe","207","14117646283286908549","17458252770627958515","4365462411581457700","30816","6763436624047638062","7","35941361465496325065","25065"
"e","subword_bpe","208","4365462411581457700","14117646283286908549","13730285659058710776","54385","11719005417589219742","7","32213394353927076765","76765"
"n","subword_bpe","209","13730285659058710776","4365462411581457700","311836583087411643","54699","2358971097304337816","2","18407584653727580317","80317"
"g","subword_bpe","210","311836583087411643","13730285659058710776","8056946222867248450","98611","11125197304318550083","5","22099068465013370677","70677"
"a","subword_bpe","211","8056946222867248450","311836583087411643","9286619585224440497","83890","17431037632548192827","6","17655402391179100385","385"
"l","subword_bpe","212","9286619585224440497","8056946222867248450","16455531427256363103","87186","2222468099504856808","5","33799097235348052375","52375"
"u","subword_bpe","213","16455531427256363103","9286619585224440497","5873937438174481677","5150","8821059755700391050","8","31616088450655285456","85456"
"r","subword_bpe","214","5873937438174481677","16455531427256363103","7513045264748736695","30714","14966327169421412924","4","29842514130179581302","81302"
"u","subword_bpe","215","7513045264748736695","5873937438174481677","7314562223849101404","5150","17759042868303041634","8","20701544926772320081","20081"
",","subword_bpe","216","7314562223849101404","7513045264748736695","12414661889012464108","138105","18137669361722995694","2","27242269377610302460","2460"
"h","subword_bpe","217","12414661889012464108","7314562223849101404","974141133071868378","95920","3638561668022402967","7","20703365245933433565","33565"
"t","subword_bpe","218","974141133071868378","12414661889012464108","12526359076026100879","4129","10643027960550261040","2","25915162098110433031","33031"
"t","subword_bpe","219","12526359076026100879","974141133071868378","6490184091868390203","4129","3738524867402320997","1","19990684300966359795","59795"
"p","subword_bpe","220","6490184091868390203","12526359076026100879","17629045433788814701","22104","14134193056848987560","1","36645588601683305580","5580"
"s","subword_bpe","221","17629045433788814701","6490184091868390203","17002103708939253587","135347","7679071474808141077","3","41121333234596458190","58190"
":","subword_bpe","222","17002103708939253587","17629045433788814701","4227917955929008249","103671","8486156669390885743","9","38859067098657076274","76274"
"/","subword_bpe","223","4227917955929008249","17002103708939253587","2685236011137148700","49688","11861334917781674666","9","23915257676005410791","10791"
"/","subword_bpe","224","2685236011137148700","4227917955929008249","15835036683331275718","49688","13507604069268592079","8","22748190650397432403","32403"
"e","subword_bpe","225","15835036683331275718","2685236011137148700","10250229180283880314","54385","5041252353302671228","2","28770501874752304417","4417"
"n","subword_bpe","226","10250229180283880314","15835036683331275718","7488400436909492146","54699","1186514440378689050","7","33573666300524647845","47845"
".","subword_bpe","227","7488400436909492146","10250229180283880314","7281522667272026881","1908","18004086451235631117","4","25020152284465399071","99071"
"w","subword_bpe","228","7281522667272026881","7488400436909492146","92065273994633666","9453","18102873942832607015","7","14861988378176152533","52533"
"i","subword_bpe","229","92065273994633666","7281522667272026881","7147967652365914152","129732","11488802876262247373","9","14521555593632574404","74404"
"k","subword_bpe","230","7147967652365914152","92065273994633666","5322519476965922255","118105","18232215113820499386","4","12562552403326470414","70414"
"i","subword_bpe","231","5322519476965922255","7147967652365914152","12712591217394363189","129732","15558277527240925120","5","25183078346726199283","99283"
"p","subword_bpe","232","12712591217394363189","5322519476965922255","7538626647669143496","22104","3340346986301787558","8","25573737342029428717","28717"
"ed","subword_bpe","233","7538626647669143496","12712591217394363189","5903665368847713263","94776","17773998297250657595","4","26154883233911219133","19133"
"i","subword_bpe","234","5903665368847713263","7538626647669143496","14178399032451825177","129732","14977127271682148832","2","27620691048968681620","81620"
"a","subword_bpe","235","14178399032451825177","5903665368847713263","5935111557216651154","83890","6554060676239018336","5","26017175958516189913","89913"
".","subword_bpe","236","5935111557216651154","14178399032451825177","11680793330681226176","1908","14729789204936831021","3","31794303920349702242","2242"
"o","subword_bpe","237","11680793330681226176","5935111557216651154","15559285179774517333","112839","4336397018362571724","3","33175190067672394379","94379"
"r","subword_bpe","238","15559285179774517333","11680793330681226176","4891072670917615623","30714","5321802125609781092","2","32131151181373359367","59367"
"g","subword_bpe","239","4891072670917615623","15559285179774517333","7063909052333425108","98611","15985506086996120063","6","27514266903025558403","58403"
"/","subword_bpe","240","7063909052333425108","4891072670917615623","17446001616238496777","49688","18176372386871030535","7","29400983339489537244","37244"
"w","subword_bpe","241","17446001616238496777","7063909052333425108","2557732573627784597","9453","7794569527108376623","9","27067643242199706833","6833"
"i","subword_bpe","242","2557732573627784597","17446001616238496777","15907028002945006826","129732","13639606119938135962","2","35910762192811288036","88036"
"k","subword_bpe","243","15907028002945006826","2557732573627784597","4468656259469472356","118105","4825154044703523192","7","22933416836042263941","63941"
"i","subword_bpe","244","4468656259469472356","15907028002945006826","8309871739617817626","129732","11544030451327006827","3","28685556002032296968","96968"
"/","subword_bpe","245","8309871739617817626","4468656259469472356","1986561893126866313","49688","17106327149110527689","1","14765089892214156588","56588"
"b","subword_bpe","246","1986561893126866313","8309871739617817626","11514593020076296737","30816","9630620411775520034","7","21811026652820980494","80494"
"i","subword_bpe","247","11514593020076296737","1986561893126866313","1023297866421265691","129732","142836323855794222","1","14524452779624429040","29040"
"o","subword_bpe","248","1023297866421265691","11514593020076296737","9366904695433351741","112839","10377421939392097559","1","21904795581930914004","14004"
"c","subword_bpe","249","9366904695433351741","1023297866421265691","14759134645536330063","23172","2290809971757447282","5","25149337207390947784","47784"
"o","subword_bpe","250","14759134645536330063","9366904695433351741","3481907037374115479","112839","5973325041690302787","6","27607946378343797012","97012"
"n","subword_bpe","251","3481907037374115479","14759134645536330063","12048329166981397987","54699","12566522601714830327","7","30289370849891843883","43883"
"t","subword_bpe","252","12048329166981397987","3481907037374115479","10721716517163150146","4129","4108191278365482249","4","26251952721518663274","63274"
"i","subword_bpe","253","10721716517163150146","12048329166981397987","17690690445616369986","129732","791588881287029069","3","40460736129760917848","17848"
"t","subword_bpe","254","17690690445616369986","10721716517163150146","8331707565545375112","4129","7761545499352117672","1","36744114528324894978","94978"
"a","subword_bpe","255","8331707565545375112","17690690445616369986","5238962473119469107","83890","17120243056154604273","6","31261360484281214048","14048"
"n","subword_bpe","256","5238962473119469107","8331707565545375112","1636994065662898589","54699","15457463490715446099","4","15207664104327743085","43085"
"c","subword_bpe","257","1636994065662898589","5238962473119469107","1988364851513239392","23172","9836069207212186578","4","8864321390295606921","6921"
"o","subword_bpe","258","1988364851513239392","1636994065662898589","10703485383673648028","112839","9633040127842217836","5","14328844300849785682","85682"
"m","subword_bpe","259","10703485383673648028","1988364851513239392","6838303479418937807","105645","773795078873939962","7","19530153714605825049","25049"
"p","subword_bpe","260","6838303479418937807","10703485383673648028","13713837560225752681","22104","13894151796812105564","2","31255626423318338233","38233"
"a","subword_bpe","261","13713837560225752681","6838303479418937807","12371161294668999178","83890","2334605285851353360","2","32923302334313689819","89819"
"n","subword_bpe","262","12371161294668999178","13713837560225752681","14053188619733590740","54699","3861915980708450154","5","40138187474628342958","42958"
"y","subword_bpe","263","14053188619733590740","12371161294668999178","8258701866009309816","80982","6715303751408496201","4","34683051780411899871","99871"
"l","subword_bpe","264","8258701866009309816","14053188619733590740","2938119839154518372","87186","17053922524838762017","2","25250010324897419065","19065"
"i","subword_bpe","265","2938119839154518372","8258701866009309816","6478999054373374527","129732","13182376769829516139","2","17675820759537202384","2384"
"m","subword_bpe","266","6478999054373374527","2938119839154518372","2139137204728008037","105645","14401806724427916889","7","11556256098255901197","1197"
"i","subword_bpe","267","2139137204728008037","6478999054373374527","9062084051839376410","129732","9482544851510560618","7","17680220310940758645","58645"
"t","subword_bpe","268","9062084051839376410","2139137204728008037","1092816894051649974","4129","16426181278611291376","9","12294038150619034805","34805"
"ed","subword_bpe","269","1092816894051649974","9062084051839376410","15432015107843478121","94776","10456529945809095493","2","25586916053734504774","4774"
",","subword_bpe","270","15432015107843478121","1092816894051649974","1241642736215759939","138105","5196870584053316059","5","17766474738110888269","88269"
"t","subword_bpe","271","1241642736215759939","15432015107843478121","17611471044867466180","4129","10307695853007142057","2","34285128888926704627","4627"
"i","subword_bpe","272","17611471044867466180","1241642736215759939","3400228960964971910","129732","7665120116556474827","4","22253342742048197649","97649"
"t","subword_bpe","273","3400228960964971910","17611471044867466180","11963391558999674298","4129","12756291467173457260","1","32975091564832112013","12013"
"a","subword_bpe","274","11963391558999674298","3400228960964971910","16161923020072249756","83890","4049290792420391619","7","31525543540036895730","95730"
"n","subword_bpe","275","16161923020072249756","11963391558999674298","8617859928776018376","54699","9114677487286209788","2","36743174507847942046","42046"
",","subword_bpe","276","8617859928776018376","16161923020072249756","13648090739477829691","138105","16838871369535251066","2","38427873688326097504","97504"
"n","subword_bpe","277","13648090739477829691","8617859928776018376","6478897560422031895","54699","2544740012214156635","7","28744848228675880338","80338"
"s","subword_bpe","278","6478897560422031895","13648090739477829691","10318200157739198537","135347","14402180347510768239","2","30445188457639060513","60513"
"e","subword_bpe","279","10318200157739198537","6478897560422031895","3124248146120611285","54385","1226920670521724147","2","19921345864281842104","42104"
"/","subword_bpe","280","3124248146120611285","10318200157739198537","1905191587917016490","49688","13073094966996870918","2","15347639891776825990","25990"
"b","subword_bpe","281","1905191587917016490","3124248146120611285","14841506617721964751","30816","9531833559290160385","8","19870946351759592313","92313"
"s","subword_bpe","282","14841506617721964751","1905191587917016490","9126448291378881613","135347","6035076508166465719","5","25873146497017862968","62968"
"e","subword_bpe","283","9126448291378881613","14841506617721964751","13138060848211214845","54385","16181664240638574839","9","37106015757312061592","61592"
",","subword_bpe","284","13138060848211214845","9126448291378881613","16998851434535672912","138105","2910659079140059727","5","39263360574125769043","69043"
"b","subword_bpe","285","16998851434535672912","13138060848211214845","11672362938176805202","30816","8493635968942953723","5","41809275220923693346","93346"
"e","subword_bpe","286","11672362938176805202","16998851434535672912","3189652589997265270","54385","4597024609181646312","1","31860866962709743266","43266"
"n","subword_bpe","287","3189652589997265270","11672362938176805202","15686647515360101531","54699","12859067320190219286","5","30548663043534171859","71859"
"g","subword_bpe","288","15686647515360101531","3189652589997265270","3483807276156502662","98611","5153617109376726371","3","22360107381513869585","69585"
"a","subword_bpe","289","3483807276156502662","15686647515360101531","9951865938966407235","83890","12569408000121632255","8","29122320730483011553","11553"
"l","subword_bpe","290","9951865938966407235","3483807276156502662","6432741681014957920","87186","1453353029715217434","8","19868414896137868216","68216"
"u","subword_bpe","291","6432741681014957920","9951865938966407235","13597012913252262620","5150","14371771202156004277","1","29981620533233627676","27676"
"r","subword_bpe","292","13597012913252262620","6432741681014957920","4255024543357319615","30714","2487449950931052013","5","24284779137624540316","40316"
"u","subword_bpe","293","4255024543357319615","13597012913252262620","6376477758136680595","5150","11906281556389518698","4","24228515214746262417","62417"
",","subword_bpe","294","6376477758136680595","4255024543357319615","16945467004020347637","138105","14288431804471765793","1","27576969305514348150","48150"
"h","subword_bpe","295","16945467004020347637","6376477758136680595","7208761730871748241","95920","8438934042844943502","8","30530706493028776594","76594"
"t","subword_bpe","296","7208761730871748241","16945467004020347637","5292370070150320504","4129","18031800620709578363","1","29446598805042416508","16508"
"t","subword_bpe","297","5292370070150320504","7208761730871748241","16230389889115520222","4129","15511873969591447954","3","28731521690137588808","88808"
"p","subword_bpe","298","16230389889115520222","5292370070150320504","18444753852957898664","22104","9154292082973366861","9","39967513812223739549","39549"
"s","subword_bpe","299","18444753852957898664","16230389889115520222","5804390429665210943","135347","7048015077098444752","9","40479534171738629414","29414"
":","subword_bpe","300","5804390429665210943","18444753852957898664","4362862872681402143","103671","14896271419897599491","5","28612007155304512033","12033"
"/","subword_bpe","301","4362862872681402143","5804390429665210943","7034345770357427734","49688","11726099180202687948","3","17201599072704040601","40601"
"/","subword_bpe","302","7034345770357427734","4362862872681402143","16223301987048738407","49688","18422112316418669765","4","27620510630087568594","68594"
"e","subword_bpe","303","16223301987048738407","7034345770357427734","16820590487479536749","54385","9156880766217054941","2","40078238244885703297","3297"
"n","subword_bpe","304","16820590487479536749","16223301987048738407","4099855864632116490","54699","8600120831376550157","6","37143748339160391995","91995"
".","subword_bpe","305","4099855864632116490","16820590487479536749","14676245146315057473","1908","12020921691063153333","6","35596691498426710532","10532"
"w","subword_bpe","306","14676245146315057473","4099855864632116490","249964019062568408","9453","6168531307267013991","2","19026065030009742289","42289"
"i","subword_bpe","307","249964019062568408","14676245146315057473","1463521652227685787","129732","11335407748070768599","6","16389730817605311323","11323"
"k","subword_bpe","308","1463521652227685787","249964019062568408","4816482588856769751","118105","9977725563776532489","7","6529968260147023593","23593"
"i","subword_bpe","309","4816482588856769751","1463521652227685787","7538154870053147181","129732","15915981513612121816","2","13818159111137602888","2888"
"p","subword_bpe","310","7538154870053147181","4816482588856769751","4890072301656845519","22104","17774474434309010622","1","17244709760566762794","62794"
"ed","subword_bpe","311","4890072301656845519","7538154870053147181","4330901687940360929","94776","15990733481506156092","6","16759128859650354272","54272"
"i","subword_bpe","312","4330901687940360929","4890072301656845519","18383156420470071116","129732","11686011567063212270","8","27604130410067277670","77670"
"a","subword_bpe","313","18383156420470071116","4330901687940360929","10668309821495919581","83890","7001249024371484725","7","33382367929906351503","51503"
".","subword_bpe","314","10668309821495919581","18383156420470071116","6920276421567015791","1908","736913562402632802","3","35971742663533006193","6193"
"o","subword_bpe","315","6920276421567015791","10668309821495919581","11290510452499462321","112839","18320285960081679203","3","28879096695562397549","97549"
"r","subword_bpe","316","11290510452499462321","6920276421567015791","12224398559295080360","30714","187052039134691200","8","30435185433361558561","58561"
"g","subword_bpe","317","12224398559295080360","11290510452499462321","17560545975123520941","98611","4004456539890218576","5","41075454986918063203","63203"
"/","subword_bpe","318","17560545975123520941","12224398559295080360","5738642841193941078","49688","7891694402216763262","1","35523587375612542143","42143"
"w","subword_bpe","319","5738642841193941078","17560545975123520941","5775425980960580908","9453","15101898839042317424","8","29074614797278043332","43332"
"i","subword_bpe","320","5775425980960580908","5738642841193941078","11565066606493873145","129732","14848674657749184291","8","23079135428648394991","94991"
"k","subword_bpe","321","11565066606493873145","5775425980960580908","14305369984993951459","118105","4487880410495520363","7","31645862572448405094","5094"
"i","subword_bpe","322","14305369984993951459","11565066606493873145","6371736763959459979","129732","6391060372582233324","1","32242173355447284699","84699"
"/","subword_bpe","323","6371736763959459979","14305369984993951459","10526172760988195153","49688","14293173331209581144","9","31203279509941606958","6958"
"t","subword_bpe","324","10526172760988195153","6371736763959459979","4898532284290866724","4129","874547023361767867","8","21796441809238521754","21754"
"i","subword_bpe","325","4898532284290866724","10526172760988195153","12460660386148570674","129732","15982268551015765035","6","27885365431427632928","32928"
"t","subword_bpe","326","12460660386148570674","4898532284290866724","17539481544338730760","4129","3664330459513140952","8","34898674214778168508","68508"
"a","subword_bpe","327","17539481544338730760","12460660386148570674","8742090722396379940","83890","7881220390009264241","1","38742232652883681273","81273"
"n","subword_bpe","328","8742090722396379940","17539481544338730760","16823225771958034644","54699","16673834937739525700","2","43104798038693145205","45205"
"_","subword_bpe","329","16823225771958034644","8742090722396379940","4390940909046965385","134911","8597199124046749408","9","29956257403401380138","80138"
"c","subword_bpe","330","4390940909046965385","16823225771958034644","4551231508978270718","23172","11734331995640532678","8","25765398189983270923","70923"
"o","subword_bpe","331","4551231508978270718","4390940909046965385","1959820390398291400","112839","11609788670573988338","2","10901992808423527057","27057"
"m","subword_bpe","332","1959820390398291400","4551231508978270718","15776687371511238973","105645","9585304857323110830","7","22287739270887800754","754"
"p","subword_bpe","333","15776687371511238973","1959820390398291400","17905542122758355023","22104","4955494689039038382","8","35642049884667885328","85328"
"a","subword_bpe","334","17905542122758355023","15776687371511238973","17942020597170961177","83890","7370767546516574006","7","51624250091440555605","55605"
"n","subword_bpe","335","17942020597170961177","17905542122758355023","2736930998389597340","54699","7406632573591969401","6","38584493718318913478","13478"
"y","subword_bpe","336","2736930998389597340","17942020597170961177","3116051276552055959","80982","13532456531730049025","4","23795002872112614654","14654"
"m","subword_bpe","337","3116051276552055959","2736930998389597340","5256799907408552858","105645","13044968348878651633","8","11109782182350206347","6347"
"p","subword_bpe","338","5256799907408552858","3116051276552055959","2514798882667956703","22104","15475668026099664137","1","10887650066628565191","65191"
"h","subword_bpe","339","2514798882667956703","5256799907408552858","1799695763612092644","95920","13605697713509502884","6","9571294553688601754","1754"
"a","subword_bpe","340","1799695763612092644","2514798882667956703","13572184934215070385","83890","9713899884381011869","3","17886679580495119844","19844"
"s","subword_bpe","341","13572184934215070385","1799695763612092644","4040162152012198074","135347","2480762061235049161","3","19412042849839361306","61306"
"i","subword_bpe","342","4040162152012198074","13572184934215070385","5500821233779298269","129732","11972524575919291061","5","23113168320006566914","66914"
"s","subword_bpe","343","5500821233779298269","4040162152012198074","15478059221033280503","135347","15159589672628334501","7","25019042606824776387","76387"
"l","subword_bpe","344","15478059221033280503","5500821233779298269","9704016838044178068","87186","5258626993198385070","9","30682897292856756401","56401"
"i","subword_bpe","345","9704016838044178068","15478059221033280503","9329681244545398907","129732","1773554445401054363","7","34511757303622857675","57675"
"m","subword_bpe","346","9329681244545398907","9704016838044178068","8080050724377875727","105645","2255975828594578461","2","27113748806967453019","53019"
"i","subword_bpe","347","8080050724377875727","9329681244545398907","10274241950383539951","129732","17155727119483133696","1","27683973919306814508","14508"
"t","subword_bpe","348","10274241950383539951","8080050724377875727","11952441588485504522","4129","1198530514495301125","6","30306734263246920278","20278"
"ed","subword_bpe","349","11952441588485504522","10274241950383539951","4312749362926172076","94776","4316950885142478073","7","26539432901795216490","16490"
",","subword_bpe","350","4312749362926172076","11952441588485504522","7818560194892633537","138105","11956651339925543966","6","24083751146304309746","9746"
"m","subword_bpe","351","7818560194892633537","4312749362926172076","12055285707852464847","105645","17489274693316802983","6","24186595265671270028","70028"
"p","subword_bpe","352","12055285707852464847","7818560194892633537","7263472753656775706","22104","4142049158924723292","3","27137318656401874163","74163"
"h","subword_bpe","353","7263472753656775706","12055285707852464847","8696161063767584412","95920","18084890695733723745","5","28014919525276825396","25396"
"a","subword_bpe","354","8696161063767584412","7263472753656775706","16732892523630211164","83890","16616455033583311333","7","32692526341054571472","71472"
"s","subword_bpe","355","16732892523630211164","8696161063767584412","613618965043208174","135347","8502889147114639396","3","26042672552441004047","4047"
"i","subword_bpe","356","613618965043208174","16732892523630211164","2720113674875712055","129732","10859157867887613409","9","20066625163549130957","30957"
"s","subword_bpe","357","2720113674875712055","613618965043208174","8184223904381609771","135347","13513245573685465679","4","11517956544300530439","30439"
",","subword_bpe","358","8184223904381609771","2720113674875712055","17164207939062254621","138105","17267731149777095833","4","28068545518319576334","76334"
"n","subword_bpe","359","17164207939062254621","8184223904381609771","13282159092906744889","54699","8071855258197453181","9","38630590936350609707","9707"
"s","subword_bpe","360","13282159092906744889","17164207939062254621","7819613432499219419","135347","2766561384215231553","2","38265980464468219357","19357"
"e","subword_bpe","361","7819613432499219419","13282159092906744889","16896477035641464997","54385","17488499099516112737","8","37998249561047428846","28846"
"/","subword_bpe","362","16896477035641464997","7819613432499219419","4943307135841202057","49688","8379828841185204854","5","29659397603981886625","86625"
"b","subword_bpe","363","4943307135841202057","16896477035641464997","17681604364734440599","30816","15757354159733204770","8","39521388536217107350","7350"
"s","subword_bpe","364","17681604364734440599","4943307135841202057","17282174143331551760","135347","7734603350203581679","5","39907085643907194640","94640"
"e","subword_bpe","365","17282174143331551760","17681604364734440599","16883644325665584332","54385","8206091135570374314","3","51847422833731577132","77132"
",","subword_bpe","366","16883644325665584332","17282174143331551760","5516082784732322148","138105","8392942476377350014","3","39681901253729458379","58379"
"b","subword_bpe","367","5516082784732322148","16883644325665584332","3602651802910624858","30816","15184565265150644687","5","26002378913308531159","31159"
"e","subword_bpe","368","3602651802910624858","5516082784732322148","16769686644778541463","54385","12666454230761089248","1","25888421232421488765","88765"
"n","subword_bpe","369","16769686644778541463","3602651802910624858","15498716587682114562","54699","8542937746074469623","7","35871055035371280591","80591"
"g","subword_bpe","370","15498716587682114562","16769686644778541463","14808550459794986384","98611","5269766987425308154","2","47076953692255642891","42891"
"a","subword_bpe","371","14808550459794986384","15498716587682114562","7338685677710629605","83890","6031995103099888361","7","37645952725187730222","30222"
"l","subword_bpe","372","7338685677710629605","14808550459794986384","13127814611461651506","87186","18153805608490598076","5","35275050748967267524","67524"
"u","subword_bpe","373","13127814611461651506","7338685677710629605","13938970909884732300","5150","2889099210403797223","2","34405471199057013838","13838"
"r","subword_bpe","374","13938970909884732300","13127814611461651506","18249466788068401647","30714","6865268731816760509","2","45316252309414785184","85184"
"u","subword_bpe","375","18249466788068401647","13938970909884732300","4823104934785904207","5150","7166450642905417018","8","37011542632739037691","37691"
",","subword_bpe","376","4823104934785904207","18249466788068401647","11482596893787811793","138105","15913581275087144445","7","34555168616642118060","18060"
"h","subword_bpe","377","11482596893787811793","4823104934785904207","7237298170917374617","95920","102765514526353834","9","23542999999491090212","90212"
"t","subword_bpe","378","7237298170917374617","11482596893787811793","12352174997780956872","4129","18034512898136681075","5","31072070062486143490","43490"
"t","subword_bpe","379","12352174997780956872","7237298170917374617","15647363170473547293","4129","3845163747342444066","9","35236836339171878897","78897"
"p","subword_bpe","380","15647363170473547293","12352174997780956872","1845389969951307794","22104","5121120950093951118","2","29844928138205812420","12420"
"s","subword_bpe","381","1845389969951307794","15647363170473547293","13723688644055770618","135347","9776010628542388330","2","31216441784480626168","26168"
":","subword_bpe","382","13723688644055770618","1845389969951307794","1606771499454207337","103671","2324754219186667974","7","17175850113461285310","85310"
"/","subword_bpe","383","1606771499454207337","13723688644055770618","1969387778837014709","49688","9834488927808137146","3","17299847922346992503","92503"
"/","subword_bpe","384","1969387778837014709","1606771499454207337","16584702296327607280","49688","9611757448395872870","8","20160861574618829428","29428"
"e","subword_bpe","385","16584702296327607280","1969387778837014709","16437018622041894927","54385","8655860652247545674","5","34991108697206516449","16449"
"n","subword_bpe","386","16437018622041894927","16584702296327607280","8082399239022093503","54699","8803267202318275951","9","41104120157391596201","96201"
".","subword_bpe","387","8082399239022093503","16437018622041894927","16718098223135382140","1908","17157882183046714112","1","41237516084199370650","70650"
"w","subword_bpe","388","16718098223135382140","8082399239022093503","3788058273454446208","9453","8517965476608904794","9","28588555735611921341","21341"
"i","subword_bpe","389","3788058273454446208","16718098223135382140","17279511336595314473","129732","12296686632659770511","3","37785667833185143070","43070"
"k","subword_bpe","390","17279511336595314473","3788058273454446208","17955036107552187943","118105","8212966738264779451","8","39022605717601948549","48549"
"i","subword_bpe","391","17955036107552187943","17279511336595314473","2343463361861614996","129732","7429359991530744872","6","37578010806009117851","17851"
"p","subword_bpe","392","2343463361861614996","17955036107552187943","16066009536470314501","22104","13741289760591010567","7","36364509005884117953","17953"
"ed","subword_bpe","393","16066009536470314501","2343463361861614996","10801071260361489954","94776","4666458414291938550","6","29210544158693419436","19436"
"i","subword_bpe","394","10801071260361489954","16066009536470314501","13169091735048230474","129732","851853972910732333","9","40036172531880035375","35375"
"a","subword_bpe","395","13169091735048230474","10801071260361489954","9886965584273496687","83890","2951399891823763763","8","33857128579683217462","17462"
".","subword_bpe","396","9886965584273496687","13169091735048230474","4210019096822022793","1908","1658159646280527312","3","27266076416143750313","50313"
"o","subword_bpe","397","4210019096822022793","9886965584273496687","15173467337884066372","112839","11843208806762924677","3","29270452018979585342","85342"
"r","subword_bpe","398","15173467337884066372","4210019096822022793","13865111976448284129","30714","5522967439236949365","9","33248598411154372793","72793"
"g","subword_bpe","399","13865111976448284129","15173467337884066372","2385993422535133385","98611","6799798101552079897","5","31424572736867483437","83437"
"/","subword_bpe","400","2385993422535133385","13865111976448284129","8813014715057302349","49688","13775308227686873626","5","25064120114040720037","20037"
"w","subword_bpe","401","8813014715057302349","2385993422535133385","11146707403776990555","9453","16463303754682187627","9","22345715541369425768","25768"
"i","subword_bpe","402","11146707403776990555","8813014715057302349","15384590736640456620","129732","326078770647111508","3","35344312855474750040","50040"
"k","subword_bpe","403","15384590736640456620","11146707403776990555","6554099037215816541","118105","5455673870882540094","4","33085397177633263206","63206"
"i","subword_bpe","404","6554099037215816541","15384590736640456620","2915575873624221364","129732","14178369428963062098","4","24854265647480494011","94011"
"/","subword_bpe","405","2915575873624221364","6554099037215816541","14159168807712440426","49688","13132863158587921511","1","23628843718552478520","78520"
"m","subword_bpe","406","14159168807712440426","2915575873624221364","14906269885929658594","105645","6505450462313589772","9","31981014567266320889","20889"
"p","subword_bpe","407","14906269885929658594","14159168807712440426","625838719702772079","22104","5830697816088166001","9","29691277413344871623","71623"
"h","subword_bpe","408","625838719702772079","14906269885929658594","12690287791988265372","95920","10851446695005957908","2","28222396397620696549","96549"
"a","subword_bpe","409","12690287791988265372","625838719702772079","4816262891110803490","83890","3326906937971762917","5","18132389402801840626","40626"
"s","subword_bpe","410","4816262891110803490","12690287791988265372","2231252967725126593","135347","15916200665852037210","5","19737803650824195979","95979"
"i","subword_bpe","411","2231252967725126593","4816262891110803490","264750566580481114","129732","9277548796692617678","8","7312266425416410700","10700"
"s","subword_bpe","412","264750566580481114","2231252967725126593","4718349894990014557","135347","11356930944262769698","1","7214353429295622762","22762"
"m","subword_bpe","413","4718349894990014557","264750566580481114","16175184069418727783","105645","16090670436082271291","3","21158284530989223956","23956"
"i","subword_bpe","414","16175184069418727783","4718349894990014557","13473135359665344180","129732","9101411524462064488","1","34366669324074087048","87048"
"n","subword_bpe","415","13473135359665344180","16175184069418727783","11075727816085877019","54699","2651855473135791060","4","40724047245169948458","48458"
"d","subword_bpe","416","11075727816085877019","13473135359665344180","17333159534244408898","56064","541446242526075600","2","41882022709995630601","30601"
"t","subword_bpe","417","17333159534244408898","11075727816085877019","2977859393168307356","4129","7979456580239773352","3","31386746743498592786","92786"
"re","subword_bpe","418","2977859393168307356","17333159534244408898","16802031915011144624","23545","13214690428992184238","5","37113050842423859875","59875"
"e","subword_bpe","419","16802031915011144624","2977859393168307356","7811167398132831468","54385","8582654416460406538","3","27591058706312282951","82951"
"(","subword_bpe","420","7811167398132831468","16802031915011144624","7120537380389310028","126647","17460929531057687184","9","31733736693533286173","86173"
"l","subword_bpe","421","7120537380389310028","7811167398132831468","501882473927691303","87186","18223326317758114325","8","15433587252449832301","32301"
"t","subword_bpe","422","501882473927691303","7120537380389310028","7793236832108013079","4129","11006923701428038861","4","15415656686425014942","14942"
"i","subword_bpe","423","7793236832108013079","501882473927691303","16981472193390854468","129732","17442540461973335064","5","25276591499426558329","58329"
"m","subword_bpe","424","16981472193390854468","7793236832108013079","280151032516823770","105645","8474990845524159778","4","25054860058015691856","91856"
"i","subword_bpe","425","280151032516823770","16981472193390854468","5622579740838884035","129732","11372770313705504981","2","22884202966746561742","61742"
"n","subword_bpe","426","5622579740838884035","280151032516823770","3191971276185297896","54699","15001512097515100067","6","9094702049541005216","5216"
"d","subword_bpe","427","3191971276185297896","5622579740838884035","8074290271656279508","56064","12860962563824470051","9","16888841288680460948","60948"
"t","subword_bpe","428","8074290271656279508","3191971276185297896","17511571621072340346","4129","17166276478000995646","3","28777833168913918298","18298"
"re","subword_bpe","429","17511571621072340346","8074290271656279508","2292458236757137874","23545","7868597938031963720","7","27878320129485756660","56660"
"e","subword_bpe","430","2292458236757137874","17511571621072340346","198430824060170655","54385","9360462615534730600","5","20002460681889649381","49381"
")","subword_bpe","431","198430824060170655","2292458236757137874","1883892602313904495","21202","11310665605155918726","3","4374781663131212681","12681"
",","subword_bpe","432","1883892602313904495","198430824060170655","8423195599036304380","138105","9517117487494232797","5","10505519025410379343","79343"
"l","subword_bpe","433","8423195599036304380","1883892602313904495","83194086232056799","87186","16920668653099708325","5","10390282287582265132","65132"
"t","subword_bpe","434","83194086232056799","8423195599036304380","5789867976303107738","4129","11461917434788184885","6","14296257661571468429","68429"
"i","subword_bpe","435","5789867976303107738","83194086232056799","18105480628010576380","129732","14875046001547760789","8","23978542690545740440","40440"
"m","subword_bpe","436","18105480628010576380","5789867976303107738","13418065576215142340","105645","7310730935122167194","5","37313414180528826937","26937"
",","subword_bpe","437","13418065576215142340","18105480628010576380","9647434968618746780","138105","2594621173263316086","6","41170981172844465086","65086"
"n","subword_bpe","438","9647434968618746780","13418065576215142340","5749962596943939758","54699","2005767886992664316","8","28815463141777828393","28393"
"s","subword_bpe","439","5749962596943939758","9647434968618746780","3279951820698882828","135347","15131110947361794262","9","18677349386261569835","69835"
"e","subword_bpe","440","3279951820698882828","5749962596943939758","17470648531011205105","54385","12948908260582078390","8","26500562948654027215","27215"
"/","subword_bpe","441","17470648531011205105","3279951820698882828","10373788288425142959","49688","7801166940376384802","8","31124388640135230421","30421"
"b","subword_bpe","442","10373788288425142959","17470648531011205105","2150912189650129990","30816","1279128694179111428","6","29995349009086477544","77544"
"s","subword_bpe","443","2150912189650129990","10373788288425142959","8108161847349746568","135347","9506793720160793662","5","20632862325425020078","20078"
"e","subword_bpe","444","8108161847349746568","2150912189650129990","17939912866861355211","54385","17199954532937416498","4","28198986903861231297","31297"
",","subword_bpe","445","17939912866861355211","8108161847349746568","7604104782130204587","138105","7403959614448434041","5","33652179496341306454","6454"
"b","subword_bpe","446","7604104782130204587","17939912866861355211","12939161238194235716","30816","17847849692156544768","6","38483178887185794968","94968"
"e","subword_bpe","447","12939161238194235716","7604104782130204587","13885137579766273371","54385","3289416831271865854","6","34428403600090714229","14229"
"n","subword_bpe","448","13885137579766273371","12939161238194235716","13929082308381605134","54699","6811292799371046971","9","40753381126342114754","14754"
"g","subword_bpe","449","13929082308381605134","13885137579766273371","13679180156944498309","98611","6879656582130076918","6","41493400045092377375","77375"
"a","subword_bpe","450","13679180156944498309","13929082308381605134","9439540078481866005","83890","2585431610080922108","2","37047802543807968964","68964"
"l","subword_bpe","451","9439540078481866005","13679180156944498309","2963416843134033161","87186","2074050604513384780","9","26082137078560398005","98005"
"u","subword_bpe","452","2963416843134033161","9439540078481866005","5122630688297502190","5150","13193104147637582300","5","17525587609913401912","1912"
"r","subword_bpe","453","5122630688297502190","2963416843134033161","10576514769605229263","30714","15645580701871162079","6","18662562301036765064","65064"
"u","subword_bpe","454","10576514769605229263","5122630688297502190","9512985167451380781","5150","932295271293623834","9","25212130625354111756","11756"
",","subword_bpe","455","9512985167451380781","10576514769605229263","12606922605338952180","138105","1888011148389365663","5","32696422542395562658","62658"
"h","subword_bpe","456","12606922605338952180","9512985167451380781","14174313121609718641","95920","3513846652522268559","2","36294220894400052076","52076"
"t","subword_bpe","457","14174313121609718641","12606922605338952180","3582216946364447137","4129","6521844574249089947","1","30363452673313117383","17383"
"t","subword_bpe","458","3582216946364447137","14174313121609718641","11899791459509097849","4129","12646651926695483723","9","29656321527483264203","64203"
"p","subword_bpe","459","11899791459509097849","3582216946364447137","10657452047604356074","22104","4257015391430669290","6","26139460453477901510","1510"
"s","subword_bpe","460","10657452047604356074","11899791459509097849","3812532885076951557","135347","995745847266767762","4","26369776392190404906","4906"
":","subword_bpe","461","3812532885076951557","10657452047604356074","13019276418275467933","103671","12312753200876758585","2","27489261350956775050","75050"
"/","subword_bpe","462","13019276418275467933","3812532885076951557","13766340378907090057","49688","3069972070344118350","1","30598149682259509743","9743"
"/","subword_bpe","463","13766340378907090057","13019276418275467933","12168583744420982634","49688","2394969534790053466","5","38954200541603540863","40863"
"e","subword_bpe","464","12168583744420982634","13766340378907090057","6482911984918256020","54385","3956420832198429648","1","32417836108246328175","28175"
"n","subword_bpe","465","6482911984918256020","12168583744420982634","7236953867692805217","54699","14393671136749845748","6","25888449597032044445","44445"
".","subword_bpe","466","7236953867692805217","6482911984918256020","4238007758156923372","1908","18039637293825162206","3","17957873610767985122","85122"
"w","subword_bpe","467","4238007758156923372","7236953867692805217","9214906065732935620","9453","11882488283884115402","3","20689867691582664674","64674"
"i","subword_bpe","468","9214906065732935620","4238007758156923372","12242646221913450877","129732","16273358710644479435","4","25695560045803309293","9293"
"k","subword_bpe","469","12242646221913450877","9214906065732935620","11348517027938525887","118105","4022247071691855087","7","32806069315584912834","12834"
"i","subword_bpe","470","11348517027938525887","12242646221913450877","6857054727443905331","129732","236845410463312048","5","30448217977295881639","81639"
"p","subword_bpe","471","6857054727443905331","11348517027938525887","8096281729866057854","22104","13915664664656666016","3","26301853485248488634","88634"
"ed","subword_bpe","472","8096281729866057854","6857054727443905331","3266734638800985179","94776","17180314413779765901","2","18220071096110949328","49328"
"i","subword_bpe","473","3266734638800985179","8096281729866057854","8545930812275111797","129732","12926101009159935572","7","19908947180942155275","55275"
"a","subword_bpe","474","8545930812275111797","3266734638800985179","7132288758802939454","83890","16766417021327245324","8","18944954209879035874","35874"
".","subword_bpe","475","7132288758802939454","8545930812275111797","99718836282479389","1908","18216360580867524993","9","15777938407360530122","30122"
"o","subword_bpe","476","99718836282479389","7132288758802939454","14604493113026135315","112839","11481149318308272913","7","21836500708111553697","53697"
"r","subword_bpe","477","14604493113026135315","99718836282479389","6317015834256392645","30714","6096445229391397410","4","21021227783565007917","7917"
"g","subword_bpe","478","6317015834256392645","14604493113026135315","2785555008438330870","98611","14528038280318496829","1","23707063955720859282","59282"
"/","subword_bpe","479","2785555008438330870","6317015834256392645","13886959522818808512","49688","13303420255732913957","2","22989530365513532542","32542"
"w","subword_bpe","480","13886959522818808512","2785555008438330870","766195802109404088","9453","6813697357542952678","1","17438710333366542924","42924"
"i","subword_bpe","481","766195802109404088","13886959522818808512","4230148172301996275","129732","10706581047944538551","9","18883303497230208416","8416"
"k","subword_bpe","482","4230148172301996275","766195802109404088","12144696489006684802","118105","11854592288512257377","8","17141040463418085598","85598"
"i","subword_bpe","483","12144696489006684802","4230148172301996275","13275384221903693904","129732","3944547055998914701","4","29650228883212374552","74552"
"/","subword_bpe","484","13275384221903693904","12144696489006684802","1700947452276232445","49688","2741806122924481155","6","27121028163186611651","11651"
"m","subword_bpe","485","1700947452276232445","13275384221903693904","1283431081345916909","105645","9920729639012416667","6","16259762755525843688","43688"
"i","subword_bpe","486","1283431081345916909","1700947452276232445","5605253610207198138","129732","10374270980122351074","7","8589632143829346924","46924"
"n","subword_bpe","487","5605253610207198138","1283431081345916909","6261303356337099978","54699","15275829284177223386","2","13149988047890214553","14553"
"d","subword_bpe","488","6261303356337099978","5605253610207198138","6850781228595020751","56064","14471164581490573057","8","18717338195139319333","19333"
"t","subword_bpe","489","6850781228595020751","6261303356337099978","16207860744706253325","4129","13917711108166804261","4","29319945329638373511","73511"
"re","subword_bpe","490","16207860744706253325","6850781228595020751","6601566054606549991","23545","9140788543355406655","4","29660208027907825200","25200"
"e","subword_bpe","491","6601566054606549991","16207860744706253325","4657302446969862362","54385","14243197737385662301","9","27466729246282665113","65113"
"b","subword_bpe","492","4657302446969862362","6601566054606549991","15626434893437724193","30816","16038855798740234353","4","26885303395014136980","36980"
"h","subword_bpe","493","15626434893437724193","4657302446969862362","17319365644511946243","95920","5110255199093448794","4","37603102984919532381","32381"
"a","subword_bpe","494","17319365644511946243","15626434893437724193","889488331177785593","83890","7957234867046584698","1","33835288869127455597","55597"
"r","subword_bpe","495","889488331177785593","17319365644511946243","2788929654396192227","30714","10551759473261739976","7","20997783630085924473","24473"
"a","subword_bpe","496","2788929654396192227","889488331177785593","12525327103042266445","83890","13295537629320557210","3","16203745088616244727","44727"
"t","subword_bpe","497","12525327103042266445","2788929654396192227","12839285812107693257","4129","3739570000101393831","8","28153542569546152402","52402"
"e","subword_bpe","498","12839285812107693257","12525327103042266445","10139348127798284084","54385","3177632390605105267","1","35503961042948244246","44246"
"l","subword_bpe","499","10139348127798284084","12839285812107693257","15640547806422359168","87186","1333429289267063661","5","38619181746328336033","36033"
"e","subword_bpe","500","15640547806422359168","10139348127798284084","6037731132732898795","54385","5132162823949088826","2","31817627066953542655","42655"
"c","subword_bpe","501","6037731132732898795","15640547806422359168","13373570459830690945","23172","14843070252417046436","1","35051849398985949369","49369"
"t","subword_bpe","502","13373570459830690945","6037731132732898795","14095284244083355168","4129","2859520520703689835","3","33506585836646945528","45528"
"r","subword_bpe","503","14095284244083355168","13373570459830690945","5845160075269705797","30714","6749765468113578257","5","33314014779183751450","51450"
"o","subword_bpe","504","5845160075269705797","14095284244083355168","224357301041234267","112839","14927558818576783433","8","20164801620394295719","95719"
"n","subword_bpe","505","224357301041234267","5845160075269705797","1781682617236639671","54699","11324981309688554555","5","7851199993547580211","80211"
"i","subword_bpe","506","1781682617236639671","224357301041234267","1201975707818218581","129732","9695888670491362744","4","3208015626096092043","92043"
"c","subword_bpe","507","1201975707818218581","1781682617236639671","4487401740447517479","23172","10275313503595888154","4","7471060065502376214","76214"
"s","subword_bpe","508","4487401740447517479","1201975707818218581","18048817342504411163","135347","11561036711956343647","1","23738194790770146759","46759"
"l","subword_bpe","509","18048817342504411163","4487401740447517479","4721438630386577639","87186","7227501174492202050","9","27257657713338506885","6885"
"i","subword_bpe","510","4721438630386577639","18048817342504411163","16055731462950903124","129732","16119107447830362856","3","38825987435841892358","92358"
"m","subword_bpe","511","16055731462950903124","4721438630386577639","6750397924464530879","105645","4676446203837526322","1","27527568017802012108","12108"
"i","subword_bpe","512","6750397924464530879","16055731462950903124","2459637794998678050","129732","14094369750229819312","5","25265767182414112579","12579"
"t","subword_bpe","513","2459637794998678050","6750397924464530879","8056561807839810765","4129","13552767462340891336","7","17266597527303019239","19239"
"ed","subword_bpe","514","8056561807839810765","2459637794998678050","1432317445531503249","94776","17436198321731032638","5","11948517048369991000","91000"
",","subword_bpe","515","1432317445531503249","8056561807839810765","8043911009088491675","138105","10220889228239069475","2","17532790262459805223","5223"
"b","subword_bpe","516","8043911009088491675","1432317445531503249","5473641334813031552","30816","17408329870883215408","8","14949869789433027076","27076"
"e","subword_bpe","517","5473641334813031552","8043911009088491675","10305269279363741296","54385","15402660861645183034","7","23822821623265265148","65148"
"l","subword_bpe","518","10305269279363741296","5473641334813031552","18110867743592562776","87186","1239847202428260905","1","33889778357769335007","35007"
",","subword_bpe","519","18110867743592562776","10305269279363741296","5218575577483279708","138105","7305335543270484970","3","33634712600439584312","84312"
"n","subword_bpe","520","5218575577483279708","18110867743592562776","16320362655723245389","54699","15446048678916249660","2","39649805976799088326","88326"
"s","subword_bpe","521","16320362655723245389","5218575577483279708","13444124932388550952","135347","8956229076917759797","7","34983063165595075512","75512"
"e","subword_bpe","522","13444124932388550952","16320362655723245389","10867379663720252477","54385","2640334083605093778","4","40631867251832049384","49384"
"/","subword_bpe","523","10867379663720252477","13444124932388550952","7323912219616509037","49688","641703025999951598","8","31635416815725312925","12925"
"b","subword_bpe","524","7323912219616509037","10867379663720252477","8084174844313366479","30816","18128319894179050694","7","26275466727650128425","28425"
"s","subword_bpe","525","8084174844313366479","7323912219616509037","5360757070285584690","135347","17151883903252828087","9","20768844134215459565","59565"
"e","subword_bpe","526","5360757070285584690","8084174844313366479","14317121295972197793","54385","15299367430629858696","5","27762053210571149500","49500"
",","subword_bpe","527","14317121295972197793","5360757070285584690","5712598660769007358","138105","6379305234896522771","4","25390477027026790347","90347"
"b","subword_bpe","528","5712598660769007358","14317121295972197793","17027343683667697775","30816","15091636630175895125","5","37057063640408902300","2300"
"e","subword_bpe","529","17027343683667697775","5712598660769007358","780896310625681033","54385","8248975370220045525","3","23520838655062386587","86587"
"n","subword_bpe","530","780896310625681033","17027343683667697775","10577739884344270488","54699","10727913751617412073","7","28385979878637648663","48663"
"g","subword_bpe","531","10577739884344270488","780896310625681033","494215431459942831","98611","935860148918792032","4","11852851626429893715","93715"
"a","subword_bpe","532","494215431459942831","10577739884344270488","4292207946445926377","83890","11019384597372503766","5","15364163262250140250","40250"
"l","subword_bpe","533","4292207946445926377","494215431459942831","15888030995329871688","87186","11936656515788016560","3","20674454373235740260","40260"
"u","subword_bpe","534","15888030995329871688","4292207946445926377","1316337323229568556","5150","4776869749586791325","5","21496576265005366237","66237"
"r","subword_bpe","535","1316337323229568556","15888030995329871688","5861896994835775901","30714","10120688334977882397","7","23066265313395215781","15781"
"u","subword_bpe","536","5861896994835775901","1316337323229568556","12398147468509420391","5150","14947128284140774728","6","19576381786574765216","65216"
",","subword_bpe","537","12398147468509420391","5861896994835775901","12804346785024135633","138105","3618757570234413269","7","31064391248369331345","31345"
"h","subword_bpe","538","12804346785024135633","12398147468509420391","6549706708956754574","95920","3424235686838425514","3","31752200962490310992","10992"
"t","subword_bpe","539","6549706708956754574","12804346785024135633","5970707898936115632","4129","14182470974915498596","2","25324761392917005214","5214"
"t","subword_bpe","540","5970707898936115632","6549706708956754574","9146920544382364200","4129","14765982159332614490","6","21667335152275234778","34778"
"p","subword_bpe","541","9146920544382364200","5970707898936115632","15517374781290949470","22104","16196943707823541435","8","30635003224609428940","28940"
"s","subword_bpe","542","15517374781290949470","9146920544382364200","15349042420514307097","135347","5291645584242363174","7","40013337746187620367","20367"
":","subword_bpe","543","15349042420514307097","15517374781290949470","484667057748039250","103671","5419441665722931237","9","31351084259553296369","96369"
"/","subword_bpe","544","484667057748039250","15349042420514307097","9505160500290488320","49688","10992894879745270913","1","25338869978552834103","34103"
"/","subword_bpe","545","9505160500290488320","484667057748039250","5097220157054619726","49688","2152268328203926227","5","15087047715093147889","47889"
"e","subword_bpe","546","5097220157054619726","9505160500290488320","10656958802808077515","54385","15603722579020166388","3","25259339460153186191","86191"
"n","subword_bpe","547","10656958802808077515","5097220157054619726","2232658428898233204","54699","995970789726771627","5","17986837388760930847","30847"
".","subword_bpe","548","2232658428898233204","10656958802808077515","12915828190658992621","1908","9280941067476188363","2","25805445422365302751","2751"
"w","subword_bpe","549","12915828190658992621","2232658428898233204","14697894886981184805","9453","3245200836547366347","6","29846381506538410985","10985"
"i","subword_bpe","550","14697894886981184805","12915828190658992621","17744576450713308073","129732","6182897203872048938","1","45358299528353486163","86163"
"k","subword_bpe","551","17744576450713308073","14697894886981184805","15265489978817927938","118105","7527238999111562811","1","47707961316512420196","20196"
"i","subword_bpe","552","15265489978817927938","17744576450713308073","17930506398916173860","129732","5615588478984245517","5","50940572828447409511","9511"
"p","subword_bpe","553","17930506398916173860","15265489978817927938","13905207582079021779","22104","7413643142183536311","5","47101203959813124187","24187"
"ed","subword_bpe","554","13905207582079021779","17930506398916173860","8987726241345633431","94776","6831469316282282016","9","40823440222340829950","29950"
"i","subword_bpe","555","8987726241345633431","13905207582079021779","266264055309059652","129732","16324889890267428504","5","23159197878733715233","15233"
"a","subword_bpe","556","266264055309059652","8987726241345633431","302167280384210481","83890","11350913868671349053","8","9556157577038903188","3188"
".","subword_bpe","557","302167280384210481","266264055309059652","2216682667318388366","1908","11098833429072675214","8","2785114003011658045","58045"
"o","subword_bpe","558","2216682667318388366","302167280384210481","10436426712565716131","112839","9292127373586656898","9","12955276660268314367","14367"
"r","subword_bpe","559","10436426712565716131","2216682667318388366","12638618618063163000","30714","1072660959341089682","6","25291727997947267855","67855"
"g","subword_bpe","560","12638618618063163000","10436426712565716131","14070575225338761524","98611","3553935022423605120","7","37145620555967640255","40255"
"/","subword_bpe","561","14070575225338761524","12638618618063163000","6733888772038688896","49688","6733937142400164839","6","33443082615440613965","13965"
"w","subword_bpe","562","6733888772038688896","14070575225338761524","17752732876743909388","9453","14070632340379784358","2","38557196874121360240","60240"
"i","subword_bpe","563","17752732876743909388","6733888772038688896","15378948738937504084","129732","7523572995887311363","6","39865570387720103039","3039"
"k","subword_bpe","564","15378948738937504084","17752732876743909388","11320411933807452109","118105","5429786290313526470","4","44452093549488866256","66256"
"i","subword_bpe","565","11320411933807452109","15378948738937504084","1701047192931497263","129732","228934905962042818","7","28400407865676452841","52841"
"/","subword_bpe","566","1701047192931497263","11320411933807452109","14862706991701770390","49688","9920353358235682812","3","27884166118440720302","20302"
"b","subword_bpe","567","14862706991701770390","1701047192931497263","1904134306456518882","30816","5797690703341242429","3","18467888491089786908","86908"
"h","subword_bpe","568","1904134306456518882","14862706991701770390","5275377061486190916","95920","9537394384581084825","3","22042218359644480550","80550"
"a","subword_bpe","569","5275377061486190916","1904134306456518882","13212076527116139997","83890","15493120240360478269","9","20391587895058850456","50456"
"r","subword_bpe","570","13212076527116139997","5275377061486190916","118077030763490914","30714","2985253374560484076","9","18605530619365822226","22226"
"a","subword_bpe","571","118077030763490914","13212076527116139997","3697217129346318367","83890","11498824366065932571","1","17027370687225948921","48921"
"t","subword_bpe","572","3697217129346318367","118077030763490914","13044477795556277573","4129","12499845058563875061","2","16859771955666087508","87508"
"_","subword_bpe","573","13044477795556277573","3697217129346318367","10376565569750715645","134911","3112043178155852657","5","27118260494653312246","12246"
"e","subword_bpe","574","10376565569750715645","13044477795556277573","218266797827688973","54385","1024444472823179335","3","23639310163134682535","82535"
"l","subword_bpe","575","218266797827688973","10376565569750715645","9471100992759660854","87186","11326563810958716500","2","20065933360338065110","65110"
"e","subword_bpe","576","9471100992759660854","218266797827688973","7873322115840253847","54385","2109766642052408716","4","17562689906427604290","4290"
"c","subword_bpe","577","7873322115840253847","9471100992759660854","13289502633766492201","23172","17542876274751092184","4","30633925742366406303","6303"
"t","subword_bpe","578","13289502633766492201","7873322115840253847","8492526925077590115","4129","2763720906135795907","8","29655351674684336779","36779"
"r","subword_bpe","579","8492526925077590115","13289502633766492201","15601797325204448012","30714","17000241450979211090","8","37383826884048530962","30962"
"o","subword_bpe","580","15601797325204448012","8492526925077590115","6300347680104841160","112839","5094628599935314688","6","30394671930386878946","78946"
"n","subword_bpe","581","6300347680104841160","15601797325204448012","13050306969022244564","54699","14508396145242954408","3","34952451974331533138","33138"
"i","subword_bpe","582","13050306969022244564","6300347680104841160","7232540670224587542","129732","3110712673556737243","9","26583195319351672652","72652"
"c","subword_bpe","583","7232540670224587542","13050306969022244564","17116937847244969221","23172","18043773968292868441","8","37399785486491800978","978"
"s","subword_bpe","584","17116937847244969221","7232540670224587542","0","135347","8339802229873685885","6","24349478517469557455","57455"
