"co","subword_syllable","0","13345704679051884329","0","12491137745023758426","37024","2810824558098822105","1","25836842424075642369","42369"
"mpany","subword_syllable","1","12491137745023758426","13345704679051884329","11241067680105480545","59200","3705923871607898954","5","37077910104181115164","15164"
",","subword_syllable","2","11241067680105480545","12491137745023758426","10346296083901819438","138105","159652138576907848","2","34078501509031058392","58392"
"ti","subword_syllable","3","10346296083901819438","11241067680105480545","14218615244020245283","129529","1270600867702605703","8","35805979008027544885","44885"
"cker","subword_syllable","4","14218615244020245283","10346296083901819438","4432613347753158360","82708","6585901487472604263","1","28997524675675227339","27339"
",","subword_syllable","5","4432613347753158360","14218615244020245283","5185934958591010695","138105","11796255512465025521","8","23837163550364414356","14356"
"e","subword_syllable","6","5185934958591010695","4432613347753158360","17851984775423820008","54385","15694866473738561446","1","27470533081767989175","89175"
"xcha","subword_syllable","7","17851984775423820008","5185934958591010695","13315852967295074547","20106","7604754756305951282","7","36353772701309909364","9364"
"nge","subword_syllable","8","13315852967295074547","17851984775423820008","13391065527999563900","99150","2809137861162309613","7","44558903270718460149","60149"
",","subword_syllable","9","13391065527999563900","13315852967295074547","16396746285500280756","138105","2873831609545475925","1","43103664780794919153","19153"
"hq","subword_syllable","10","16396746285500280756","13391065527999563900","6420343329275338335","119601","9059985047123994837","5","36208155142775182306","82306"
"city","subword_syllable","11","6420343329275338335","16396746285500280756","3465212659290377666","75197","14352652624348426162","9","26282302274065992146","92146"
",","subword_syllable","12","3465212659290377666","6420343329275338335","11708402123795810570","138105","12547469692096299755","5","21593958112361526628","26628"
"so","subword_syllable","13","11708402123795810570","3465212659290377666","13307856668725154542","4571","4344812607053925505","1","28481471451811343457","43457"
"u","subword_syllable","14","13307856668725154542","11708402123795810570","6632198318816930536","5150","2781105366991819424","8","31648457111337895516","95516"
"rce","subword_syllable","15","6632198318816930536","13307856668725154542","12601079612324660257","132834","13996400950262200410","3","32541134599866746054","46054"
"i","subword_syllable","16","12601079612324660257","6632198318816930536","2412282761014731297","129732","3519420849279822517","7","21645560692156322220","22220"
"nfosys","subword_syllable","17","2412282761014731297","12601079612324660257","9276864308276659985","134748","13784779426833053741","3","24290226681616049645","49645"
"li","subword_syllable","18","9276864308276659985","2412282761014731297","8225382931107167281","136428","2200416708353148845","6","19914530000398558178","58178"
"mi","subword_syllable","19","8225382931107167281","9276864308276659985","4243701315274415646","91465","17010403154821942568","3","21745948554658243523","43523"
"ted","subword_syllable","20","4243701315274415646","8225382931107167281","5487646270958681029","131074","11877081171079449164","8","17956730517340262767","62767"
",","subword_syllable","21","5487646270958681029","4243701315274415646","1574729249180294268","138105","15140944219211756780","4","11306076835413390879","90879"
"infy","subword_syllable","22","1574729249180294268","5487646270958681029","5361068965563493012","115024","10082985972089817468","8","12423444485702464555","64555"
",","subword_syllable","23","5361068965563493012","1574729249180294268","13237692258496014708","138105","15299060435843524029","4","20173490473239802056","2056"
"nse","subword_syllable","24","13237692258496014708","5361068965563493012","12844717611791855212","135900","2991167784168075256","8","31443478835851364290","64290"
"/","subword_syllable","25","12844717611791855212","13237692258496014708","9006402018468554253","49688","3203997930364581924","9","35088811888756424102","24102"
"bse","subword_syllable","26","9006402018468554253","12844717611791855212","8776368910958122172","4830","16341965816101740675","3","30627488541218530502","30502"
",","subword_syllable","27","8776368910958122172","9006402018468554253","14437439785754037288","138105","16716399465020201877","4","32220210715180713777","13777"
"be","subword_syllable","28","14437439785754037288","8776368910958122172","14189612253362204795","49506","6227193262525192474","4","37403420950074364815","64815"
"nga","subword_syllable","29","14189612253362204795","14437439785754037288","9189432258692162812","99764","6547346085661073823","1","37816484297808406608","6608"
"lu","subword_syllable","30","9189432258692162812","14189612253362204795","7083002113606830915","11355","16262518367324953847","2","30462046625661198823","98823"
"ru","subword_syllable","31","7083002113606830915","9189432258692162812","11643759558826181668","138607","18193585216756875900","9","27916193931125174981","74981"
",","subword_syllable","32","11643759558826181668","7083002113606830915","17361062341081731729","138105","4585095540335512333","8","36087824013514744381","44381"
"https","subword_syllable","33","17361062341081731729","11643759558826181668","13280482419077918006","121995","7987586448786102858","1","42285304318985828451","28451"
":","subword_syllable","34","13280482419077918006","17361062341081731729","15578947545995817210","103671","2772732878733962641","2","46220492306155466998","66998"
"/","subword_syllable","35","15578947545995817210","13280482419077918006","6853460759689532149","49688","5045425737269192370","4","35712890724763267284","67284"
"/","subword_syllable","36","6853460759689532149","15578947545995817210","5407102314482751198","49688","13919249338080199869","8","27839510620168100479","479"
"en","subword_syllable","37","5407102314482751198","6853460759689532149","936613043020321183","101098","15365889752204019812","7","13197176117192603904","3904"
".","subword_syllable","38","936613043020321183","5407102314482751198","10885149685812960868","1908","10576982042354811579","6","17228865043316033294","33294"
"wi","subword_syllable","39","10885149685812960868","936613043020321183","7985362032701202116","119003","664466001803483887","4","19807124761534483731","83731"
"ki","subword_syllable","40","7985362032701202116","10885149685812960868","2071936526259751111","61012","17358788092438308032","3","20942448244773913505","13505"
"pe","subword_syllable","41","2071936526259751111","7985362032701202116","16006838102603995730","48115","9437159920195069796","6","26064136661564949377","49377"
"di","subword_syllable","42","16006838102603995730","2071936526259751111","10137829424956359922","26730","4617543989652465256","2","28216604053820106415","6415"
"a","subword_syllable","43","10137829424956359922","16006838102603995730","14060095699163886553","83890","1335237709057906448","2","40204763226724242088","42088"
".","subword_syllable","44","14060095699163886553","10137829424956359922","3945465455381268898","1908","6712623156055171325","6","28143390579501515288","15288"
"org","subword_syllable","45","3945465455381268898","14060095699163886553","17605031699679257311","121371","12175026755601647593","8","35610592854224413951","13951"
"/","subword_syllable","46","17605031699679257311","3945465455381268898","7593054292931052947","49688","7667055896530826391","6","29143551447991579064","79064"
"wi","subword_syllable","47","7593054292931052947","17605031699679257311","9852699908155938492","119003","17827652090969522456","5","35050785900766249180","49180"
"ki","subword_syllable","48","9852699908155938492","7593054292931052947","17635427522016303675","61012","1624862561969351864","2","35081181723103294420","94420"
"/","subword_syllable","49","17635427522016303675","9852699908155938492","18399571813302052445","49688","7677201799509757043","3","45887699243474294645","94645"
"i","subword_syllable","50","18399571813302052445","17635427522016303675","4340033404062217915","129732","7020848680383449289","1","40375032739380574191","74191"
"nfosys","subword_syllable","51","4340033404062217915","18399571813302052445","18270590146316978862","134748","11677161875624881335","9","41010195363681238802","38802"
"wi","subword_syllable","52","18270590146316978862","4340033404062217915","4011563373400967597","119003","7185868511738842661","7","26622186923780163807","63807"
"pro","subword_syllable","53","4011563373400967597","18270590146316978862","3265407626800171713","41512","12221808532402028501","4","25547561146518116106","16106"
"li","subword_syllable","54","3265407626800171713","4011563373400967597","1926654703793283091","136428","12927150995781405309","2","9203625703994421700","21700"
"mi","subword_syllable","55","1926654703793283091","3265407626800171713","17732404654885549796","91465","9550907238060364042","3","22924466985479005307","5307"
"ted","subword_syllable","56","17732404654885549796","1926654703793283091","6182148104414341018","131074","7503368254104429238","6","25841207463093172508","72508"
",","subword_syllable","57","6182148104414341018","17732404654885549796","7287453533019469735","138105","14698657691606411443","8","31202006292319360651","60651"
"wi","subword_syllable","58","7287453533019469735","6182148104414341018","8728545140076847798","119003","18092443879829959468","2","22198146777510657994","57994"
"pro","subword_syllable","59","8728545140076847798","7287453533019469735","6773679662220672246","41512","16651351770236409038","2","22789678335316991785","91785"
",","subword_syllable","60","6773679662220672246","8728545140076847798","5777377293547330539","138105","13850689240188498911","2","21279602095844850496","50496"
"nse","subword_syllable","61","5777377293547330539","6773679662220672246","11828076586007677527","135900","14851226360700476775","9","24379133541775680383","80383"
"/","subword_syllable","62","11828076586007677527","5777377293547330539","10559373153178703568","49688","4184615111222975519","6","28164827032733711606","11606"
"bse","subword_syllable","63","10559373153178703568","11828076586007677527","10697054218819797289","4830","917912261492117598","5","33084503958006176998","76998"
",","subword_syllable","64","10697054218819797289","10559373153178703568","12006455878958773209","138105","739975292030864896","1","33262883250957274095","74095"
"be","subword_syllable","65","12006455878958773209","10697054218819797289","14869251167927583026","49506","4082787644628920043","4","37572761265706152921","52921"
"nga","subword_syllable","66","14869251167927583026","12006455878958773209","12023322069952349429","99764","5795368084909625558","2","38899029116838706966","6966"
"lu","subword_syllable","67","12023322069952349429","14869251167927583026","18346181007797421904","11355","4101673156539989246","1","45238754245677354639","54639"
"ru","subword_syllable","68","18346181007797421904","12023322069952349429","4274150299866014294","138607","6966439521915850351","1","34643653377615784872","84872"
",","subword_syllable","69","4274150299866014294","18346181007797421904","15652081960832009289","138105","11918684828421549439","6","38272413268495445441","45441"
"https","subword_syllable","70","15652081960832009289","4274150299866014294","3640516924639848562","121995","5116128913889102994","9","23566749185337875648","75648"
":","subword_syllable","71","3640516924639848562","15652081960832009289","11849327096786094586","103671","12444236747509917909","4","31141925982257952567","52567"
"/","subword_syllable","72","11849327096786094586","3640516924639848562","11770672133568148771","49688","4199111389920599986","1","27260516154994091811","91811"
"/","subword_syllable","73","11770672133568148771","11849327096786094586","14279245262201799472","49688","4426662711697482603","7","37899244492556042886","42886"
"en","subword_syllable","74","14279245262201799472","11770672133568148771","18325390104035268513","101098","6349345743373442442","5","44375307499805216431","16431"
".","subword_syllable","75","18325390104035268513","14279245262201799472","6183472220950998562","1908","6946701873032643717","2","38788107587188066603","66603"
"wi","subword_syllable","76","6183472220950998562","18325390104035268513","2069902190069073731","119003","14692820612415859369","5","26578764515055340471","40471"
"ki","subword_syllable","77","2069902190069073731","6183472220950998562","3081996206741802824","61012","9407664111179791687","3","11335370617761874688","74688"
"pe","subword_syllable","78","3081996206741802824","2069902190069073731","8188014556524520320","48115","13038495424420585707","2","13339912953335396446","96446"
"di","subword_syllable","79","8188014556524520320","3081996206741802824","10402510099187305051","26730","17264217540163968954","8","21672520862453627632","27632"
"a","subword_syllable","80","10402510099187305051","8188014556524520320","6250746536992172422","83890","1038742081777146297","4","24841271192703997935","97935"
".","subword_syllable","81","6250746536992172422","10402510099187305051","13952677532050554275","1908","14449910880185498274","1","30605934168230031864","31864"
"org","subword_syllable","82","13952677532050554275","6250746536992172422","3485417409083899966","121371","6887877342306005992","2","23688841478126624623","24623"
"/","subword_syllable","83","3485417409083899966","13952677532050554275","2171477981178611930","49688","12567797321775289974","1","19609572922313066298","66298"
"wi","subword_syllable","84","2171477981178611930","3485417409083899966","4763361941190185525","119003","9229522711181118545","2","10420257331452697750","97750"
"ki","subword_syllable","85","4763361941190185525","2171477981178611930","15358784614428834856","61012","15865519356925487153","7","22293624536797631982","31982"
"/","subword_syllable","86","15358784614428834856","4763361941190185525","14816504138230111608","49688","5409426247403235936","9","34938650693849132123","32123"
"wi","subword_syllable","87","14816504138230111608","15358784614428834856","7246853109492682883","119003","6028549387950201331","9","37422141862151629871","29871"
"pro","subword_syllable","88","7246853109492682883","14816504138230111608","14983723504613233497","41512","18061272032573941499","2","37047080752336030123","30123"
"bi","subword_syllable","89","14983723504613233497","7246853109492682883","15303314581618535839","145539","5892846427161198474","6","37533891195724451756","51756"
"o","subword_syllable","90","15303314581618535839","14983723504613233497","7394071539612137757","112839","5356805469636903176","4","37681109625843907014","7014"
"con","subword_syllable","91","7394071539612137757","15303314581618535839","501174640739691525","47023","17918271895993932514","1","23198560761970363059","63059"
"li","subword_syllable","92","501174640739691525","7394071539612137757","15482509581621129944","136428","11007921290308283577","4","23377755761972959971","59971"
"mi","subword_syllable","93","15482509581621129944","501174640739691525","2370202844165948694","91465","5254458137618629569","3","18353887066526769488","69488"
"ted","subword_syllable","94","2370202844165948694","15482509581621129944","18010941968698449100","131074","13750579642179522884","5","35863654394485527115","27115"
",","subword_syllable","95","18010941968698449100","2370202844165948694","2964938279284470306","138105","7477314526963422181","8","23346083092148867968","67968"
"bi","subword_syllable","96","2964938279284470306","18010941968698449100","16188068364582769741","145539","13191863675410751217","9","37163948612565688847","88847"
"o","subword_syllable","97","16188068364582769741","2964938279284470306","1383752521552703762","112839","9120048531145079002","4","20536759165419943887","43887"
"con","subword_syllable","98","1383752521552703762","16188068364582769741","18428515038043064814","47023","10161081935443284717","3","36000335924178540356","40356"
",","subword_syllable","99","18428515038043064814","1383752521552703762","15932640436016547617","138105","7027943568451798727","9","35744907995612316053","16053"
"nse","subword_syllable","100","15932640436016547617","18428515038043064814","2078303284110102565","135900","4840074059805573549","3","36439458758169717044","17044"
"/","subword_syllable","101","2078303284110102565","15932640436016547617","446231059556174149","49688","9430788764292613741","5","18457174779682824472","24472"
"bse","subword_syllable","102","446231059556174149","2078303284110102565","797540699012938397","4830","10954493109916946379","5","3322075042679216476","16476"
",","subword_syllable","103","797540699012938397","446231059556174149","6319865377302165826","138105","10747302519711659444","4","7563637135871278230","78230"
"be","subword_syllable","104","6319865377302165826","797540699012938397","10429097881815945272","49506","14520684553552112752","8","17546503958131050079","50079"
"nga","subword_syllable","105","10429097881815945272","6319865377302165826","4664725866480025448","99764","1048460194577859036","2","21413689125598138447","38447"
"lu","subword_syllable","106","4664725866480025448","10429097881815945272","11663008092259946565","11355","16035935965918906211","1","26756831840555916486","16486"
"ru","subword_syllable","107","11663008092259946565","4664725866480025448","9808514488819054152","138607","4606106720353573242","5","26136248447559026983","26983"
",","subword_syllable","108","9808514488819054152","11663008092259946565","11478821564739091238","138105","1596999187671890273","8","32950344145818092092","92092"
"https","subword_syllable","109","11478821564739091238","9808514488819054152","1407584906990582784","121995","106836092552868861","4","22694920960548725004","25004"
":","subword_syllable","110","1407584906990582784","11478821564739091238","17077114902253901498","103671","10214100984679480487","3","29963521373983575689","75689"
"/","subword_syllable","111","17077114902253901498","1407584906990582784","8348669575249958262","49688","8271248014589985010","1","26833369384494442395","42395"
"/","subword_syllable","112","8348669575249958262","17077114902253901498","11000905342838553622","49688","17143821728104416062","3","36426689820342413498","13498"
"en","subword_syllable","113","11000905342838553622","8348669575249958262","8298259703692153851","101098","476370725993636524","4","27647834621780666505","66505"
".","subword_syllable","114","8298259703692153851","11000905342838553622","13219020037906273227","1908","17086145187122348255","5","32518185084436980541","80541"
"wi","subword_syllable","115","13219020037906273227","8298259703692153851","2036010611661065851","119003","2973533636873197376","8","23553290353259492179","92179"
"ki","subword_syllable","116","2036010611661065851","13219020037906273227","5910308145321785381","61012","9400742384907121791","5","21165338794889123959","23959"
"pe","subword_syllable","117","5910308145321785381","2036010611661065851","5332766914481509223","48115","14714060739889452934","9","13279085671464361151","61151"
"di","subword_syllable","118","5332766914481509223","5910308145321785381","3666247675824250728","26730","15291606364481646429","4","14909322735627544866","44866"
"a","subword_syllable","119","3666247675824250728","5332766914481509223","7392548317558584991","83890","12454240154288098442","7","16391562907864345017","45017"
".","subword_syllable","120","7392548317558584991","3666247675824250728","16966982767791310842","1908","17915568075663893947","6","28025778761174146460","46460"
"org","subword_syllable","121","16966982767791310842","7392548317558584991","13788357310555281519","121371","8449224968584563121","8","38147888395905179353","79353"
"/","subword_syllable","122","13788357310555281519","16966982767791310842","10863820384467212312","49688","2408700479257300519","7","41619160462813804761","4761"
"wi","subword_syllable","123","10863820384467212312","13788357310555281519","4912861055405092810","119003","644985262630034579","9","29565038750427587393","87393"
"ki","subword_syllable","124","4912861055405092810","10863820384467212312","15742572428654664891","61012","15716019675780765134","7","31519253868526969251","69251"
"/","subword_syllable","125","15742572428654664891","4912861055405092810","15135530808539707245","49688","4922332748747688691","4","35790964292599464783","64783"
"bi","subword_syllable","126","15135530808539707245","15742572428654664891","17429563341100993944","145539","5493068477734886334","1","48307666578295365612","65612"
"o","subword_syllable","127","17429563341100993944","15135530808539707245","3314095552696681612","112839","8058424323973226767","8","35879189702337382759","82759"
"con","subword_syllable","128","3314095552696681612","17429563341100993944","574274611978093314","47023","12955011017854379891","6","21317933505775770959","70959"
"ti","subword_syllable","129","574274611978093314","3314095552696681612","12763869834369140311","129529","11083149839976033963","5","16652239999043914498","14498"
"tan","subword_syllable","130","12763869834369140311","574274611978093314","9138026789856332042","41984","3392659969716975111","6","22476171236203567697","67697"
"co","subword_syllable","131","9138026789856332042","12763869834369140311","5561514888571515880","37024","16206118915786313210","3","27463411512796988504","88504"
"mpany","subword_syllable","132","5561514888571515880","9138026789856332042","8261302551470873356","59200","15211191322231357688","3","22960844229898712765","12765"
"li","subword_syllable","133","8261302551470873356","5561514888571515880","14946099606143842632","136428","17046532916503436208","9","28768917046186231118","31118"
"mi","subword_syllable","134","14946099606143842632","8261302551470873356","1439757374492625796","91465","5862648630225766481","2","24647159532107342062","42062"
"ted","subword_syllable","135","1439757374492625796","14946099606143842632","19582379292553619","131074","10217667056017743830","6","16405439359929022265","22265"
",","subword_syllable","136","19582379292553619","1439757374492625796","7067090941818634104","138105","11417447114403167930","5","8526430695603813412","13412"
"ti","subword_syllable","137","7067090941818634104","19582379292553619","11538124609434174574","129529","18168682521185931985","7","18624797930545361502","61502"
"tan","subword_syllable","138","11538124609434174574","7067090941818634104","5546855214157951889","41984","4479074514274825278","8","24152070765410762623","62623"
",","subword_syllable","139","5546855214157951889","11538124609434174574","16644149250376997657","138105","15189826619150154936","2","33729129073969124014","24014"
"nse","subword_syllable","140","16644149250376997657","5546855214157951889","18415726685403218684","135900","8704503937541070229","2","40606731149938166206","66206"
"/","subword_syllable","141","18415726685403218684","16644149250376997657","3563528359045498456","49688","7036509796424815796","8","38623404294825714610","14610"
"bse","subword_syllable","142","3563528359045498456","18415726685403218684","6870863273185979954","4830","12629020866180006102","4","28850118317634699147","99147"
",","subword_syllable","143","6870863273185979954","3563528359045498456","3915062721438208176","138105","13937880015347704091","5","14349454353669686674","86674"
"be","subword_syllable","144","3915062721438208176","6870863273185979954","7960820889876310827","49506","12133367497451226498","2","18746746884500499361","99361"
"nga","subword_syllable","145","7960820889876310827","3915062721438208176","2002664398302933826","99764","17315775223714183887","2","13878548009617453282","53282"
"lu","subword_syllable","146","2002664398302933826","7960820889876310827","9470413587470709655","11355","9655045875164318537","2","19433898875649953485","53485"
"ru","subword_syllable","147","9470413587470709655","2002664398302933826","15795486683605896106","138607","2115235256554928808","7","27268564669379538873","38873"
",","subword_syllable","148","15795486683605896106","9470413587470709655","16521882752080518601","138105","4973010596705322115","1","41787783023157124299","24299"
"https","subword_syllable","149","16521882752080518601","15795486683605896106","16974591293519213708","121995","8898828549533308178","7","49291960729205623803","23803"
":","subword_syllable","150","16974591293519213708","16521882752080518601","1118600405056801671","103671","8477645188355912747","2","34615074450656533933","33933"
"/","subword_syllable","151","1118600405056801671","16974591293519213708","4256681389741972362","49688","10498287230758542799","6","22349873088317987672","87672"
"/","subword_syllable","152","4256681389741972362","1118600405056801671","14457833304847504986","49688","11900124928666308034","7","19833115099646278959","78959"
"en","subword_syllable","153","14457833304847504986","4256681389741972362","12465550525228363803","101098","6238597585348004064","5","31180065219817840921","40921"
".","subword_syllable","154","12465550525228363803","14457833304847504986","15160670028020512749","1908","3659721778220262207","6","42084053858096381723","81723"
"wi","subword_syllable","155","15160670028020512749","12465550525228363803","5489449430883745847","119003","5499735900561535846","1","33115669984132621605","21605"
"ki","subword_syllable","156","5489449430883745847","15160670028020512749","17347297718509427706","61012","15139141059268377139","9","37997417177413687034","87034"
"pe","subword_syllable","157","17347297718509427706","5489449430883745847","749544782163901202","48115","7965322806902895705","8","23586291931557073957","73957"
"di","subword_syllable","158","749544782163901202","17347297718509427706","677616225270627380","26730","10687484724367574824","3","18774458725943955512","55512"
"a","subword_syllable","159","677616225270627380","749544782163901202","2361532228922430497","83890","10903243167578943446","8","3788693236356959338","59338"
".","subword_syllable","160","2361532228922430497","677616225270627380","14000626327716424510","1908","13759236513512883973","6","17039774781909482594","82594"
"org","subword_syllable","161","14000626327716424510","2361532228922430497","10809915943385586172","121371","6664006720539125109","5","27172074500024439172","39172"
"/","subword_syllable","162","10809915943385586172","14000626327716424510","14431272705321213775","49688","591080956528119732","8","39241814976423224251","24251"
"wi","subword_syllable","163","14431272705321213775","10809915943385586172","12402996116032362102","119003","6228856146337864644","5","37644184764739161211","61211"
"ki","subword_syllable","164","12402996116032362102","14431272705321213775","18352037626831226495","61012","3609409673816157298","1","45186306448184802090","2090"
"/","subword_syllable","165","18352037626831226495","12402996116032362102","1935515949626354982","49688","6960578500573122615","6","32690549692489943624","43624"
"ti","subword_syllable","166","1935515949626354982","18352037626831226495","3629810866758331082","129529","9577797656471847055","3","23917364443215912881","12881"
"tan","subword_syllable","167","3629810866758331082","1935515949626354982","16248828232307571125","41984","12423413188475673242","8","21814155048692255182","55182"
"_","subword_syllable","168","16248828232307571125","3629810866758331082","4596859859256846648","134911","9171605477008483098","5","24475498958322748597","48597"
"co","subword_syllable","169","4596859859256846648","16248828232307571125","13369156355293400635","37024","11672250611156970952","7","34214844446857818609","18609"
"mpany","subword_syllable","170","13369156355293400635","4596859859256846648","5594943711425911300","59200","2864202940513811755","9","23560959925976167052","67052"
"mpha","subword_syllable","171","5594943711425911300","13369156355293400635","4539126999864558361","113432","15245320329246324044","4","23503227066583866444","66444"
"sis","subword_syllable","172","4539126999864558361","5594943711425911300","10228813310687764199","37190","11585877606848562703","6","20362884021978236015","36015"
"li","subword_syllable","173","10228813310687764199","4539126999864558361","18373890715286897413","136428","1424107507311648347","8","33141831025839219709","19709"
"mi","subword_syllable","174","18373890715286897413","10228813310687764199","941490181385096109","91465","6974481500143137308","8","29544194207359757005","57005"
"ted","subword_syllable","175","941490181385096109","18373890715286897413","6095190080238477559","131074","10603621889411506175","1","25410570976910469033","69033"
",","subword_syllable","176","6095190080238477559","941490181385096109","11351311142568655729","138105","14600967602788413406","4","18387991404192229194","29194"
"mpha","subword_syllable","177","11351311142568655729","6095190080238477559","13742574908325667891","113432","265867335562466361","6","31189076131132797107","97107"
"sis","subword_syllable","178","13742574908325667891","11351311142568655729","3361712452899957698","37190","2341896717644718373","2","28455598503794283463","83463"
",","subword_syllable","179","3361712452899957698","13742574908325667891","17260853016623460090","138105","12722750394098525419","8","34365140377849085515","85515"
"nse","subword_syllable","180","17260853016623460090","3361712452899957698","17891361188003777846","135900","8195891497232754806","6","38513926657527193508","93508"
"/","subword_syllable","181","17891361188003777846","17260853016623460090","12213258727170228492","49688","7385229990646520702","1","47365472931797466585","66585"
"bse","subword_syllable","182","12213258727170228492","17891361188003777846","12599015528757106429","4830","3983802910924081026","6","42703635443931114836","14836"
",","subword_syllable","183","12599015528757106429","12213258727170228492","14052699622353513772","138105","3526257380261452244","6","38864973878280848471","48471"
"be","subword_syllable","184","14052699622353513772","12599015528757106429","9872207038728633728","49506","6715516183008688158","9","36523922189839254197","54197"
"nga","subword_syllable","185","9872207038728633728","14052699622353513772","1311025039753758572","99764","1672636764105190500","2","25235931700835905285","5285"
"lu","subword_syllable","186","1311025039753758572","9872207038728633728","10915636323351102641","11355","10089976223805849447","3","22098868401833494094","94094"
"ru","subword_syllable","187","10915636323351102641","1311025039753758572","1083757309576468832","138607","669726681989008782","7","13310418672681330687","30687"
",","subword_syllable","188","1083757309576468832","10915636323351102641","1415396745795776903","138105","10465589547406726729","6","13414790378723348417","48417"
"https","subword_syllable","189","1415396745795776903","1083757309576468832","10520414835963855703","121995","10201504651100469596","4","13019568891336098922","98922"
":","subword_syllable","190","10520414835963855703","1415396745795776903","961362381187081741","103671","880308818130912240","1","12897173962946714436","14436"
"/","subword_syllable","191","961362381187081741","10520414835963855703","12405342268872973905","49688","10619497011656880197","8","23887119486023911564","11564"
"/","subword_syllable","192","12405342268872973905","961362381187081741","3207462581909082423","49688","3611843643507525657","7","16574167231969138179","38179"
"en","subword_syllable","193","3207462581909082423","12405342268872973905","10469570022651648564","101098","12877000247951495053","8","26082374873433705196","5196"
".","subword_syllable","194","10469570022651648564","3207462581909082423","10980258978087430979","1908","1115797380767484176","1","24657291582648162111","62111"
"wi","subword_syllable","195","10980258978087430979","10469570022651648564","11982480507215813427","119003","456779891484782536","6","33432309507954892172","92172"
"ki","subword_syllable","196","11982480507215813427","10980258978087430979","10602483261760620581","61012","4070457125223473463","9","33565222747063864295","64295"
"pe","subword_syllable","197","10602483261760620581","11982480507215813427","15559578196855005392","48115","942641981681903494","5","38144541965831440240","40240"
"di","subword_syllable","198","15559578196855005392","10602483261760620581","16970227025802517798","26730","5321495918647909610","9","43132288484418144479","44479"
"a","subword_syllable","199","16970227025802517798","15559578196855005392","10264346257975874551","83890","8481723028960825028","6","42794151480633397460","97460"
".","subword_syllable","200","10264346257975874551","16970227025802517798","13427402293339112335","1908","1172397362654003411","2","40661975577117504439","4439"
"org","subword_syllable","201","13427402293339112335","10264346257975874551","1778656511076159318","121371","2621322066378771908","7","25470405062391148125","48125"
"/","subword_syllable","202","1778656511076159318","13427402293339112335","18026734639934144785","49688","9698632730408802590","6","33232793444349416528","16528"
"wi","subword_syllable","203","18026734639934144785","1778656511076159318","6730277919033168704","119003","7213827741707994522","1","26535669070043473173","73173"
"ki","subword_syllable","204","6730277919033168704","18026734639934144785","7918123758865748576","61012","14074234418721171780","6","32675136317833061255","61255"
"/","subword_syllable","205","7918123758865748576","6730277919033168704","17458252770627958515","49688","17570136585068282920","6","32106654448526875856","75856"
"mpha","subword_syllable","206","17458252770627958515","7918123758865748576","14117646283286908549","113432","7818061885119683003","9","39494022812780611787","11787"
"sis","subword_syllable","207","14117646283286908549","17458252770627958515","4365462411581457700","37190","6763436624047721363","3","35941361465496322640","22640"
"mi","subword_syllable","208","4365462411581457700","14117646283286908549","13730285659058710776","91465","11719005417589224509","8","32213394353927077369","77369"
"ndtre","subword_syllable","209","13730285659058710776","4365462411581457700","311836583087411643","116132","2358971097304381708","5","18407584653727571770","71770"
"e","subword_syllable","210","311836583087411643","13730285659058710776","8056946222867248450","54385","11125197304318562714","6","22099068465013370561","70561"
"(","subword_syllable","211","8056946222867248450","311836583087411643","9286619585224440497","126647","17431037632548261797","7","17655402391179100710","710"
"lti","subword_syllable","212","9286619585224440497","8056946222867248450","16455531427256363103","134302","2222468099504677503","8","33799097235348049867","49867"
"mi","subword_syllable","213","16455531427256363103","9286619585224440497","5873937438174481677","91465","8821059755700443462","4","31616088450655286010","86010"
"ndtre","subword_syllable","214","5873937438174481677","16455531427256363103","7513045264748736695","116132","14966327169421417721","4","29842514130179589825","89825"
"e","subword_syllable","215","7513045264748736695","5873937438174481677","7314562223849101404","54385","17759042868302999702","4","20701544926772320095","20095"
")","subword_syllable","216","7314562223849101404","7513045264748736695","12414661889012464108","21202","18137669361723236062","7","27242269377610302465","2465"
",","subword_syllable","217","12414661889012464108","7314562223849101404","974141133071868378","138105","3638561668022220485","2","20703365245933433632","33632"
"ltim","subword_syllable","218","974141133071868378","12414661889012464108","12526359076026100879","27510","10643027960550383356","5","25915162098110437966","37966"
",","subword_syllable","219","12526359076026100879","974141133071868378","6490184091868390203","138105","3738524867402228646","6","19990684300966359710","59710"
"nse","subword_syllable","220","6490184091868390203","12526359076026100879","17629045433788814701","135900","14134193056848881079","1","36645588601683307839","7839"
"/","subword_syllable","221","17629045433788814701","6490184091868390203","17002103708939253587","49688","7679071474808079141","1","41121333234596458224","58224"
"bse","subword_syllable","222","17002103708939253587","17629045433788814701","4227917955929008249","4830","8486156669390893533","4","38859067098657078510","78510"
",","subword_syllable","223","4227917955929008249","17002103708939253587","2685236011137148700","138105","11861334917781858128","4","23915257676005410786","10786"
"be","subword_syllable","224","2685236011137148700","4227917955929008249","15835036683331275718","49506","13507604069268697646","4","22748190650397431967","31967"
"nga","subword_syllable","225","15835036683331275718","2685236011137148700","10250229180283880314","99764","5041252353302714914","1","28770501874752302697","2697"
"lu","subword_syllable","226","10250229180283880314","15835036683331275718","7488400436909492146","11355","1186514440378776433","1","33573666300524647515","47515"
"ru","subword_syllable","227","7488400436909492146","10250229180283880314","7281522667272026881","138607","18004086451235524237","2","25020152284465398421","98421"
",","subword_syllable","228","7281522667272026881","7488400436909492146","92065273994633666","138105","18102873942832575528","9","14861988378176152454","52454"
"https","subword_syllable","229","92065273994633666","7281522667272026881","7147967652365914152","121995","11488802876262279449","7","14521555593632580297","80297"
":","subword_syllable","230","7147967652365914152","92065273994633666","5322519476965922255","103671","18232215113820442767","5","12562552403326470298","70298"
"/","subword_syllable","231","5322519476965922255","7147967652365914152","12712591217394363189","49688","15558277527240950663","1","25183078346726199351","99351"
"/","subword_syllable","232","12712591217394363189","5322519476965922255","7538626647669143496","49688","3340346986301865341","2","25573737342029428666","28666"
"en","subword_syllable","233","7538626647669143496","12712591217394363189","5903665368847713263","101098","17773998297250572658","2","26154883233911219158","19158"
".","subword_syllable","234","5903665368847713263","7538626647669143496","14178399032451825177","1908","14977127271682166987","8","27620691048968681689","81689"
"wi","subword_syllable","235","14178399032451825177","5903665368847713263","5935111557216651154","119003","6554060676238965394","6","26017175958516189464","89464"
"ki","subword_syllable","236","5935111557216651154","14178399032451825177","11680793330681226176","61012","14729789204936916374","9","31794303920349701825","1825"
"pe","subword_syllable","237","11680793330681226176","5935111557216651154","15559285179774517333","48115","4336397018362596451","9","33175190067672393881","93881"
"di","subword_syllable","238","15559285179774517333","11680793330681226176","4891072670917615623","26730","5321802125609696367","9","32131151181373359878","59878"
"a","subword_syllable","239","4891072670917615623","15559285179774517333","7063909052333425108","83890","15985506086996079589","2","27514266903025558399","58399"
".","subword_syllable","240","7063909052333425108","4891072670917615623","17446001616238496777","1908","18176372386871104240","6","29400983339489537243","37243"
"org","subword_syllable","241","17446001616238496777","7063909052333425108","2557732573627784597","121371","7794569527108387394","4","27067643242199704587","4587"
"/","subword_syllable","242","2557732573627784597","17446001616238496777","15907028002945006826","49688","13639606119938165725","5","35910762192811287976","87976"
"wi","subword_syllable","243","15907028002945006826","2557732573627784597","4468656259469472356","119003","4825154044703438945","1","22933416836042264439","64439"
"ki","subword_syllable","244","4468656259469472356","15907028002945006826","8309871739617817626","61012","11544030451327027296","8","28685556002032296478","96478"
"/","subword_syllable","245","8309871739617817626","4468656259469472356","1986561893126866313","49688","17106327149110567506","1","14765089892214156588","56588"
"mi","subword_syllable","246","1986561893126866313","8309871739617817626","11514593020076296737","91465","9630620411775497360","6","21811026652820980808","80808"
"ndtre","subword_syllable","247","11514593020076296737","1986561893126866313","1023297866421265691","116132","142836323855834069","4","14524452779624437134","37134"
"e","subword_syllable","248","1023297866421265691","11514593020076296737","9366904695433351741","54385","10377421939392079162","4","21904795581930914007","14007"
"bha","subword_syllable","249","9366904695433351741","1023297866421265691","14759134645536330063","138864","2290809971757389853","7","25149337207390949532","49532"
"rat","subword_syllable","250","14759134645536330063","9366904695433351741","3481907037374115479","136162","5973325041690433277","3","27607946378343799493","99493"
"e","subword_syllable","251","3481907037374115479","14759134645536330063","12048329166981397987","54385","12566522601714806454","9","30289370849891843876","43876"
"le","subword_syllable","252","12048329166981397987","3481907037374115479","10721716517163150146","61707","4108191278365431992","1","26251952721518663793","63793"
"ctro","subword_syllable","253","10721716517163150146","12048329166981397987","17690690445616369986","131496","791588881286921914","3","40460736129760921853","21853"
"nics","subword_syllable","254","17690690445616369986","10721716517163150146","8331707565545375112","111845","7761545499352117751","1","36744114528324891009","91009"
"li","subword_syllable","255","8331707565545375112","17690690445616369986","5238962473119469107","136428","17120243056154740020","8","31261360484281214329","14329"
"mi","subword_syllable","256","5238962473119469107","8331707565545375112","1636994065662898589","91465","15457463490715451178","5","15207664104327742690","42690"
"ted","subword_syllable","257","1636994065662898589","5238962473119469107","1988364851513239392","131074","9836069207212139983","1","8864321390295609186","9186"
",","subword_syllable","258","1988364851513239392","1636994065662898589","10703485383673648028","138105","9633040127842084937","5","14328844300849785736","85736"
"bel","subword_syllable","259","10703485383673648028","1988364851513239392","6838303479418937807","49025","773795078873905229","6","19530153714605827370","27370"
",","subword_syllable","260","6838303479418937807","10703485383673648028","13713837560225752681","138105","13894151796811935462","6","31255626423318338309","38309"
"nse","subword_syllable","261","13713837560225752681","6838303479418937807","12371161294668999178","135900","2334605285851242725","7","32923302334313691813","91813"
"/","subword_syllable","262","12371161294668999178","13713837560225752681","14053188619733590740","49688","3861915980708559938","1","40138187474628342909","42909"
"bse","subword_syllable","263","14053188619733590740","12371161294668999178","8258701866009309816","4830","6715303751408526426","1","34683051780411901740","1740"
",","subword_syllable","264","8258701866009309816","14053188619733590740","2938119839154518372","138105","17053922524838952273","6","25250010324897419141","19141"
"be","subword_syllable","265","2938119839154518372","8258701866009309816","6478999054373374527","49506","13182376769829481558","3","17675820759537202880","2880"
"nga","subword_syllable","266","6478999054373374527","2938119839154518372","2139137204728008037","99764","14401806724427815899","5","11556256098255898828","98828"
"lu","subword_syllable","267","2139137204728008037","6478999054373374527","9062084051839376410","11355","9482544851510588782","8","17680220310940759294","59294"
"ru","subword_syllable","268","9062084051839376410","2139137204728008037","1092816894051649974","138607","16426181278611510565","7","12294038150619035370","35370"
",","subword_syllable","269","1092816894051649974","9062084051839376410","15432015107843478121","138105","10456529945808946847","6","25586916053734504211","4211"
"https","subword_syllable","270","15432015107843478121","1092816894051649974","1241642736215759939","121995","5196870584053455538","2","17766474738110884585","84585"
":","subword_syllable","271","1241642736215759939","15432015107843478121","17611471044867466180","103671","10307695853007133924","4","34285128888926704440","4440"
"/","subword_syllable","272","17611471044867466180","1241642736215759939","3400228960964971910","49688","7665120116556445068","4","22253342742048197829","97829"
"/","subword_syllable","273","3400228960964971910","17611471044867466180","11963391558999674298","49688","12756291467173501902","5","32975091564832112197","12197"
"en","subword_syllable","274","11963391558999674298","3400228960964971910","16161923020072249756","101098","4049290792420463360","3","31525543540036896059","96059"
".","subword_syllable","275","16161923020072249756","11963391558999674298","8617859928776018376","1908","9114677487286139576","7","36743174507847942240","42240"
"wi","subword_syllable","276","8617859928776018376","16161923020072249756","13648090739477829691","119003","16838871369535360323","4","38427873688326097992","97992"
"ki","subword_syllable","277","13648090739477829691","8617859928776018376","6478897560422031895","61012","2544740012214116927","2","28744848228675880837","80837"
"pe","subword_syllable","278","6478897560422031895","13648090739477829691","10318200157739198537","48115","14402180347510836660","6","30445188457639059986","59986"
"di","subword_syllable","279","10318200157739198537","6478897560422031895","3124248146120611285","26730","1226920670521791603","1","19921345864281842634","42634"
"a","subword_syllable","280","3124248146120611285","10318200157739198537","1905191587917016490","83890","13073094966996862519","3","15347639891776826018","26018"
".","subword_syllable","281","1905191587917016490","3124248146120611285","14841506617721964751","1908","9531833559290150542","6","19870946351759592338","92338"
"org","subword_syllable","282","14841506617721964751","1905191587917016490","9126448291378881613","121371","6035076508166604420","7","25873146497017860630","60630"
"/","subword_syllable","283","9126448291378881613","14841506617721964751","13138060848211214845","49688","16181664240638554629","2","37106015757312061396","61396"
"wi","subword_syllable","284","13138060848211214845","9126448291378881613","16998851434535672912","119003","2910659079140197750","1","39263360574125769435","69435"
"ki","subword_syllable","285","16998851434535672912","13138060848211214845","11672362938176805202","61012","8493635968942892628","4","41809275220923693894","93894"
"/","subword_syllable","286","11672362938176805202","16998851434535672912","3189652589997265270","49688","4597024609181732634","2","31860866962709743078","43078"
"bha","subword_syllable","287","3189652589997265270","11672362938176805202","15686647515360101531","138864","12859067320190294870","6","30548663043534174002","74002"
"rat","subword_syllable","288","15686647515360101531","3189652589997265270","3483807276156502662","136162","5153617109376582441","2","22360107381513871483","71483"
"_","subword_syllable","289","3483807276156502662","15686647515360101531","9951865938966407235","134911","12569408000121444393","3","29122320730483011557","11557"
"e","subword_syllable","290","9951865938966407235","3483807276156502662","6432741681014957920","54385","1453353029715224674","5","19868414896137868213","68213"
"le","subword_syllable","291","6432741681014957920","9951865938966407235","13597012913252262620","61707","14371771202156085819","1","29981620533233627163","27163"
"ctro","subword_syllable","292","13597012913252262620","6432741681014957920","4255024543357319615","131496","2487449950930941732","2","24284779137624543616","43616"
"nics","subword_syllable","293","4255024543357319615","13597012913252262620","0","111845","11906281556389517578","7","17852037456609578625","78625"
